,subsessionid,season_name,eventstrengthoffield,ccName,oldirating,newirating,carnum,carid,lapscomplete,finishposinclass,lapslead,displayName,startPos,points,numIncidents,finishPos,groupid,lapnum,custid,sesTime,flags,lap_time
0,38023958,VRS+GT+Sprint+Series+-+2021+Season+2,3139,GT3+Class,4098,4171,4,43,20,0,19,Mario+Vlasic,2,191,0,0,66241,0,66241,3449353,0,0.0
1,38023958,VRS+GT+Sprint+Series+-+2021+Season+2,3139,GT3+Class,4098,4171,4,43,20,0,19,Mario+Vlasic,2,191,0,0,66241,1,66241,4685690,8192,1236337.0
2,38023958,VRS+GT+Sprint+Series+-+2021+Season+2,3139,GT3+Class,4098,4171,4,43,20,0,19,Mario+Vlasic,2,191,0,0,66241,2,66241,5877936,0,1192246.0
3,38023958,VRS+GT+Sprint+Series+-+2021+Season+2,3139,GT3+Class,4098,4171,4,43,20,0,19,Mario+Vlasic,2,191,0,0,66241,3,66241,7072073,0,1194137.0
4,38023958,VRS+GT+Sprint+Series+-+2021+Season+2,3139,GT3+Class,4098,4171,4,43,20,0,19,Mario+Vlasic,2,191,0,0,66241,4,66241,8266998,0,1194925.0
5,38023958,VRS+GT+Sprint+Series+-+2021+Season+2,3139,GT3+Class,4098,4171,4,43,20,0,19,Mario+Vlasic,2,191,0,0,66241,5,66241,9459114,0,1192116.0
6,38023958,VRS+GT+Sprint+Series+-+2021+Season+2,3139,GT3+Class,4098,4171,4,43,20,0,19,Mario+Vlasic,2,191,0,0,66241,6,66241,10655323,0,1196209.0
7,38023958,VRS+GT+Sprint+Series+-+2021+Season+2,3139,GT3+Class,4098,4171,4,43,20,0,19,Mario+Vlasic,2,191,0,0,66241,7,66241,11851236,0,1195913.0
8,38023958,VRS+GT+Sprint+Series+-+2021+Season+2,3139,GT3+Class,4098,4171,4,43,20,0,19,Mario+Vlasic,2,191,0,0,66241,8,66241,13046005,0,1194769.0
9,38023958,VRS+GT+Sprint+Series+-+2021+Season+2,3139,GT3+Class,4098,4171,4,43,20,0,19,Mario+Vlasic,2,191,0,0,66241,9,66241,14242184,0,1196179.0
10,38023958,VRS+GT+Sprint+Series+-+2021+Season+2,3139,GT3+Class,4098,4171,4,43,20,0,19,Mario+Vlasic,2,191,0,0,66241,10,66241,15438565,0,1196381.0
11,38023958,VRS+GT+Sprint+Series+-+2021+Season+2,3139,GT3+Class,4098,4171,4,43,20,0,19,Mario+Vlasic,2,191,0,0,66241,11,66241,16637912,0,1199347.0
12,38023958,VRS+GT+Sprint+Series+-+2021+Season+2,3139,GT3+Class,4098,4171,4,43,20,0,19,Mario+Vlasic,2,191,0,0,66241,12,66241,17832078,0,1194166.0
13,38023958,VRS+GT+Sprint+Series+-+2021+Season+2,3139,GT3+Class,4098,4171,4,43,20,0,19,Mario+Vlasic,2,191,0,0,66241,13,66241,19026660,0,1194582.0
14,38023958,VRS+GT+Sprint+Series+-+2021+Season+2,3139,GT3+Class,4098,4171,4,43,20,0,19,Mario+Vlasic,2,191,0,0,66241,14,66241,20285241,0,1258581.0
15,38023958,VRS+GT+Sprint+Series+-+2021+Season+2,3139,GT3+Class,4098,4171,4,43,20,0,19,Mario+Vlasic,2,191,0,0,66241,15,66241,21730377,2,1445136.0
16,38023958,VRS+GT+Sprint+Series+-+2021+Season+2,3139,GT3+Class,4098,4171,4,43,20,0,19,Mario+Vlasic,2,191,0,0,66241,16,66241,22926109,0,1195732.0
17,38023958,VRS+GT+Sprint+Series+-+2021+Season+2,3139,GT3+Class,4098,4171,4,43,20,0,19,Mario+Vlasic,2,191,0,0,66241,17,66241,24123782,0,1197673.0
18,38023958,VRS+GT+Sprint+Series+-+2021+Season+2,3139,GT3+Class,4098,4171,4,43,20,0,19,Mario+Vlasic,2,191,0,0,66241,18,66241,25320102,0,1196320.0
19,38023958,VRS+GT+Sprint+Series+-+2021+Season+2,3139,GT3+Class,4098,4171,4,43,20,0,19,Mario+Vlasic,2,191,0,0,66241,19,66241,26518350,0,1198248.0
20,38023958,VRS+GT+Sprint+Series+-+2021+Season+2,3139,GT3+Class,4098,4171,4,43,20,0,19,Mario+Vlasic,2,191,0,0,66241,20,66241,27725001,16384,1206651.0
21,38023958,VRS+GT+Sprint+Series+-+2021+Season+2,3139,GT3+Class,4786,4835,2,72,20,1,1,Lukas+Podstata,0,183,1,1,419644,0,419644,3449333,0,0.0
22,38023958,VRS+GT+Sprint+Series+-+2021+Season+2,3139,GT3+Class,4786,4835,2,72,20,1,1,Lukas+Podstata,0,183,1,1,419644,1,419644,4678642,8192,1229309.0
23,38023958,VRS+GT+Sprint+Series+-+2021+Season+2,3139,GT3+Class,4786,4835,2,72,20,1,1,Lukas+Podstata,0,183,1,1,419644,2,419644,5879000,4,1200358.0
24,38023958,VRS+GT+Sprint+Series+-+2021+Season+2,3139,GT3+Class,4786,4835,2,72,20,1,1,Lukas+Podstata,0,183,1,1,419644,3,419644,7076011,0,1197011.0
25,38023958,VRS+GT+Sprint+Series+-+2021+Season+2,3139,GT3+Class,4786,4835,2,72,20,1,1,Lukas+Podstata,0,183,1,1,419644,4,419644,8271373,0,1195362.0
26,38023958,VRS+GT+Sprint+Series+-+2021+Season+2,3139,GT3+Class,4786,4835,2,72,20,1,1,Lukas+Podstata,0,183,1,1,419644,5,419644,9465723,0,1194350.0
27,38023958,VRS+GT+Sprint+Series+-+2021+Season+2,3139,GT3+Class,4786,4835,2,72,20,1,1,Lukas+Podstata,0,183,1,1,419644,6,419644,10660813,0,1195090.0
28,38023958,VRS+GT+Sprint+Series+-+2021+Season+2,3139,GT3+Class,4786,4835,2,72,20,1,1,Lukas+Podstata,0,183,1,1,419644,7,419644,11855928,0,1195115.0
29,38023958,VRS+GT+Sprint+Series+-+2021+Season+2,3139,GT3+Class,4786,4835,2,72,20,1,1,Lukas+Podstata,0,183,1,1,419644,8,419644,13050366,0,1194438.0
30,38023958,VRS+GT+Sprint+Series+-+2021+Season+2,3139,GT3+Class,4786,4835,2,72,20,1,1,Lukas+Podstata,0,183,1,1,419644,9,419644,14246520,0,1196154.0
31,38023958,VRS+GT+Sprint+Series+-+2021+Season+2,3139,GT3+Class,4786,4835,2,72,20,1,1,Lukas+Podstata,0,183,1,1,419644,10,419644,15442927,0,1196407.0
32,38023958,VRS+GT+Sprint+Series+-+2021+Season+2,3139,GT3+Class,4786,4835,2,72,20,1,1,Lukas+Podstata,0,183,1,1,419644,11,419644,16641860,0,1198933.0
33,38023958,VRS+GT+Sprint+Series+-+2021+Season+2,3139,GT3+Class,4786,4835,2,72,20,1,1,Lukas+Podstata,0,183,1,1,419644,12,419644,17835481,0,1193621.0
34,38023958,VRS+GT+Sprint+Series+-+2021+Season+2,3139,GT3+Class,4786,4835,2,72,20,1,1,Lukas+Podstata,0,183,1,1,419644,13,419644,19033211,0,1197730.0
35,38023958,VRS+GT+Sprint+Series+-+2021+Season+2,3139,GT3+Class,4786,4835,2,72,20,1,1,Lukas+Podstata,0,183,1,1,419644,14,419644,20289457,0,1256246.0
36,38023958,VRS+GT+Sprint+Series+-+2021+Season+2,3139,GT3+Class,4786,4835,2,72,20,1,1,Lukas+Podstata,0,183,1,1,419644,15,419644,21735302,258,1445845.0
37,38023958,VRS+GT+Sprint+Series+-+2021+Season+2,3139,GT3+Class,4786,4835,2,72,20,1,1,Lukas+Podstata,0,183,1,1,419644,16,419644,22929777,0,1194475.0
38,38023958,VRS+GT+Sprint+Series+-+2021+Season+2,3139,GT3+Class,4786,4835,2,72,20,1,1,Lukas+Podstata,0,183,1,1,419644,17,419644,24127368,0,1197591.0
39,38023958,VRS+GT+Sprint+Series+-+2021+Season+2,3139,GT3+Class,4786,4835,2,72,20,1,1,Lukas+Podstata,0,183,1,1,419644,18,419644,25325141,0,1197773.0
40,38023958,VRS+GT+Sprint+Series+-+2021+Season+2,3139,GT3+Class,4786,4835,2,72,20,1,1,Lukas+Podstata,0,183,1,1,419644,19,419644,26520665,0,1195524.0
41,38023958,VRS+GT+Sprint+Series+-+2021+Season+2,3139,GT3+Class,4786,4835,2,72,20,1,1,Lukas+Podstata,0,183,1,1,419644,20,419644,27726141,16384,1205476.0
42,38023958,VRS+GT+Sprint+Series+-+2021+Season+2,3139,GT3+Class,4055,4113,5,43,20,2,0,Lucas+Urbain,1,175,0,2,567943,0,567943,3449343,0,0.0
43,38023958,VRS+GT+Sprint+Series+-+2021+Season+2,3139,GT3+Class,4055,4113,5,43,20,2,0,Lucas+Urbain,1,175,0,2,567943,1,567943,4692990,8192,1243647.0
44,38023958,VRS+GT+Sprint+Series+-+2021+Season+2,3139,GT3+Class,4055,4113,5,43,20,2,0,Lucas+Urbain,1,175,0,2,567943,2,567943,5888567,0,1195577.0
45,38023958,VRS+GT+Sprint+Series+-+2021+Season+2,3139,GT3+Class,4055,4113,5,43,20,2,0,Lucas+Urbain,1,175,0,2,567943,3,567943,7085587,0,1197020.0
46,38023958,VRS+GT+Sprint+Series+-+2021+Season+2,3139,GT3+Class,4055,4113,5,43,20,2,0,Lucas+Urbain,1,175,0,2,567943,4,567943,8281628,0,1196041.0
47,38023958,VRS+GT+Sprint+Series+-+2021+Season+2,3139,GT3+Class,4055,4113,5,43,20,2,0,Lucas+Urbain,1,175,0,2,567943,5,567943,9478356,0,1196728.0
48,38023958,VRS+GT+Sprint+Series+-+2021+Season+2,3139,GT3+Class,4055,4113,5,43,20,2,0,Lucas+Urbain,1,175,0,2,567943,6,567943,10673834,0,1195478.0
49,38023958,VRS+GT+Sprint+Series+-+2021+Season+2,3139,GT3+Class,4055,4113,5,43,20,2,0,Lucas+Urbain,1,175,0,2,567943,7,567943,11865987,0,1192153.0
50,38023958,VRS+GT+Sprint+Series+-+2021+Season+2,3139,GT3+Class,4055,4113,5,43,20,2,0,Lucas+Urbain,1,175,0,2,567943,8,567943,13060955,0,1194968.0
51,38023958,VRS+GT+Sprint+Series+-+2021+Season+2,3139,GT3+Class,4055,4113,5,43,20,2,0,Lucas+Urbain,1,175,0,2,567943,9,567943,14257501,0,1196546.0
52,38023958,VRS+GT+Sprint+Series+-+2021+Season+2,3139,GT3+Class,4055,4113,5,43,20,2,0,Lucas+Urbain,1,175,0,2,567943,10,567943,15450721,0,1193220.0
53,38023958,VRS+GT+Sprint+Series+-+2021+Season+2,3139,GT3+Class,4055,4113,5,43,20,2,0,Lucas+Urbain,1,175,0,2,567943,11,567943,16646864,0,1196143.0
54,38023958,VRS+GT+Sprint+Series+-+2021+Season+2,3139,GT3+Class,4055,4113,5,43,20,2,0,Lucas+Urbain,1,175,0,2,567943,12,567943,17842112,0,1195248.0
55,38023958,VRS+GT+Sprint+Series+-+2021+Season+2,3139,GT3+Class,4055,4113,5,43,20,2,0,Lucas+Urbain,1,175,0,2,567943,13,567943,19037841,0,1195729.0
56,38023958,VRS+GT+Sprint+Series+-+2021+Season+2,3139,GT3+Class,4055,4113,5,43,20,2,0,Lucas+Urbain,1,175,0,2,567943,14,567943,20295906,0,1258065.0
57,38023958,VRS+GT+Sprint+Series+-+2021+Season+2,3139,GT3+Class,4055,4113,5,43,20,2,0,Lucas+Urbain,1,175,0,2,567943,15,567943,21751751,2,1455845.0
58,38023958,VRS+GT+Sprint+Series+-+2021+Season+2,3139,GT3+Class,4055,4113,5,43,20,2,0,Lucas+Urbain,1,175,0,2,567943,16,567943,22948307,0,1196556.0
59,38023958,VRS+GT+Sprint+Series+-+2021+Season+2,3139,GT3+Class,4055,4113,5,43,20,2,0,Lucas+Urbain,1,175,0,2,567943,17,567943,24146085,0,1197778.0
60,38023958,VRS+GT+Sprint+Series+-+2021+Season+2,3139,GT3+Class,4055,4113,5,43,20,2,0,Lucas+Urbain,1,175,0,2,567943,18,567943,25343984,0,1197899.0
61,38023958,VRS+GT+Sprint+Series+-+2021+Season+2,3139,GT3+Class,4055,4113,5,43,20,2,0,Lucas+Urbain,1,175,0,2,567943,19,567943,26541815,0,1197831.0
62,38023958,VRS+GT+Sprint+Series+-+2021+Season+2,3139,GT3+Class,4055,4113,5,43,20,2,0,Lucas+Urbain,1,175,0,2,567943,20,567943,27738287,16384,1196472.0
63,38023958,VRS+GT+Sprint+Series+-+2021+Season+2,3139,GT3+Class,5087,5115,1,132,20,3,0,Matias+M%C3%A4ki-Hoimela,10,167,5,3,519716,0,519716,3449433,0,0.0
64,38023958,VRS+GT+Sprint+Series+-+2021+Season+2,3139,GT3+Class,5087,5115,1,132,20,3,0,Matias+M%C3%A4ki-Hoimela,10,167,5,3,519716,1,519716,4714616,8192,1265183.0
65,38023958,VRS+GT+Sprint+Series+-+2021+Season+2,3139,GT3+Class,5087,5115,1,132,20,3,0,Matias+M%C3%A4ki-Hoimela,10,167,5,3,519716,2,519716,5908792,4,1194176.0
66,38023958,VRS+GT+Sprint+Series+-+2021+Season+2,3139,GT3+Class,5087,5115,1,132,20,3,0,Matias+M%C3%A4ki-Hoimela,10,167,5,3,519716,3,519716,7101533,0,1192741.0
67,38023958,VRS+GT+Sprint+Series+-+2021+Season+2,3139,GT3+Class,5087,5115,1,132,20,3,0,Matias+M%C3%A4ki-Hoimela,10,167,5,3,519716,4,519716,8298367,4,1196834.0
68,38023958,VRS+GT+Sprint+Series+-+2021+Season+2,3139,GT3+Class,5087,5115,1,132,20,3,0,Matias+M%C3%A4ki-Hoimela,10,167,5,3,519716,5,519716,9496143,4,1197776.0
69,38023958,VRS+GT+Sprint+Series+-+2021+Season+2,3139,GT3+Class,5087,5115,1,132,20,3,0,Matias+M%C3%A4ki-Hoimela,10,167,5,3,519716,6,519716,10694810,0,1198667.0
70,38023958,VRS+GT+Sprint+Series+-+2021+Season+2,3139,GT3+Class,5087,5115,1,132,20,3,0,Matias+M%C3%A4ki-Hoimela,10,167,5,3,519716,7,519716,11894928,0,1200118.0
71,38023958,VRS+GT+Sprint+Series+-+2021+Season+2,3139,GT3+Class,5087,5115,1,132,20,3,0,Matias+M%C3%A4ki-Hoimela,10,167,5,3,519716,8,519716,13094217,4,1199289.0
72,38023958,VRS+GT+Sprint+Series+-+2021+Season+2,3139,GT3+Class,5087,5115,1,132,20,3,0,Matias+M%C3%A4ki-Hoimela,10,167,5,3,519716,9,519716,14294812,0,1200595.0
73,38023958,VRS+GT+Sprint+Series+-+2021+Season+2,3139,GT3+Class,5087,5115,1,132,20,3,0,Matias+M%C3%A4ki-Hoimela,10,167,5,3,519716,10,519716,15493424,0,1198612.0
74,38023958,VRS+GT+Sprint+Series+-+2021+Season+2,3139,GT3+Class,5087,5115,1,132,20,3,0,Matias+M%C3%A4ki-Hoimela,10,167,5,3,519716,11,519716,16696769,0,1203345.0
75,38023958,VRS+GT+Sprint+Series+-+2021+Season+2,3139,GT3+Class,5087,5115,1,132,20,3,0,Matias+M%C3%A4ki-Hoimela,10,167,5,3,519716,12,519716,17894573,0,1197804.0
76,38023958,VRS+GT+Sprint+Series+-+2021+Season+2,3139,GT3+Class,5087,5115,1,132,20,3,0,Matias+M%C3%A4ki-Hoimela,10,167,5,3,519716,13,519716,19095417,4,1200844.0
77,38023958,VRS+GT+Sprint+Series+-+2021+Season+2,3139,GT3+Class,5087,5115,1,132,20,3,0,Matias+M%C3%A4ki-Hoimela,10,167,5,3,519716,14,519716,20358296,0,1262879.0
78,38023958,VRS+GT+Sprint+Series+-+2021+Season+2,3139,GT3+Class,5087,5115,1,132,20,3,0,Matias+M%C3%A4ki-Hoimela,10,167,5,3,519716,15,519716,21814923,2,1456627.0
79,38023958,VRS+GT+Sprint+Series+-+2021+Season+2,3139,GT3+Class,5087,5115,1,132,20,3,0,Matias+M%C3%A4ki-Hoimela,10,167,5,3,519716,16,519716,23014799,0,1199876.0
80,38023958,VRS+GT+Sprint+Series+-+2021+Season+2,3139,GT3+Class,5087,5115,1,132,20,3,0,Matias+M%C3%A4ki-Hoimela,10,167,5,3,519716,17,519716,24214456,0,1199657.0
81,38023958,VRS+GT+Sprint+Series+-+2021+Season+2,3139,GT3+Class,5087,5115,1,132,20,3,0,Matias+M%C3%A4ki-Hoimela,10,167,5,3,519716,18,519716,25414455,0,1199999.0
82,38023958,VRS+GT+Sprint+Series+-+2021+Season+2,3139,GT3+Class,5087,5115,1,132,20,3,0,Matias+M%C3%A4ki-Hoimela,10,167,5,3,519716,19,519716,26613656,0,1199201.0
83,38023958,VRS+GT+Sprint+Series+-+2021+Season+2,3139,GT3+Class,5087,5115,1,132,20,3,0,Matias+M%C3%A4ki-Hoimela,10,167,5,3,519716,20,519716,27810994,16384,1197338.0
84,38023958,VRS+GT+Sprint+Series+-+2021+Season+2,3139,GT3+Class,3093,3160,13,133,20,4,0,Toni+Sulosalmi,6,159,11,4,42248,0,42248,3449393,0,0.0
85,38023958,VRS+GT+Sprint+Series+-+2021+Season+2,3139,GT3+Class,3093,3160,13,133,20,4,0,Toni+Sulosalmi,6,159,11,4,42248,1,42248,4721186,8256,1271793.0
86,38023958,VRS+GT+Sprint+Series+-+2021+Season+2,3139,GT3+Class,3093,3160,13,133,20,4,0,Toni+Sulosalmi,6,159,11,4,42248,2,42248,5917115,0,1195929.0
87,38023958,VRS+GT+Sprint+Series+-+2021+Season+2,3139,GT3+Class,3093,3160,13,133,20,4,0,Toni+Sulosalmi,6,159,11,4,42248,3,42248,7113578,0,1196463.0
88,38023958,VRS+GT+Sprint+Series+-+2021+Season+2,3139,GT3+Class,3093,3160,13,133,20,4,0,Toni+Sulosalmi,6,159,11,4,42248,4,42248,8308646,0,1195068.0
89,38023958,VRS+GT+Sprint+Series+-+2021+Season+2,3139,GT3+Class,3093,3160,13,133,20,4,0,Toni+Sulosalmi,6,159,11,4,42248,5,42248,9503974,0,1195328.0
90,38023958,VRS+GT+Sprint+Series+-+2021+Season+2,3139,GT3+Class,3093,3160,13,133,20,4,0,Toni+Sulosalmi,6,159,11,4,42248,6,42248,10700054,0,1196080.0
91,38023958,VRS+GT+Sprint+Series+-+2021+Season+2,3139,GT3+Class,3093,3160,13,133,20,4,0,Toni+Sulosalmi,6,159,11,4,42248,7,42248,11919905,0,1219851.0
92,38023958,VRS+GT+Sprint+Series+-+2021+Season+2,3139,GT3+Class,3093,3160,13,133,20,4,0,Toni+Sulosalmi,6,159,11,4,42248,8,42248,13118138,0,1198233.0
93,38023958,VRS+GT+Sprint+Series+-+2021+Season+2,3139,GT3+Class,3093,3160,13,133,20,4,0,Toni+Sulosalmi,6,159,11,4,42248,9,42248,14316822,4,1198684.0
94,38023958,VRS+GT+Sprint+Series+-+2021+Season+2,3139,GT3+Class,3093,3160,13,133,20,4,0,Toni+Sulosalmi,6,159,11,4,42248,10,42248,15515527,0,1198705.0
95,38023958,VRS+GT+Sprint+Series+-+2021+Season+2,3139,GT3+Class,3093,3160,13,133,20,4,0,Toni+Sulosalmi,6,159,11,4,42248,11,42248,16715992,0,1200465.0
96,38023958,VRS+GT+Sprint+Series+-+2021+Season+2,3139,GT3+Class,3093,3160,13,133,20,4,0,Toni+Sulosalmi,6,159,11,4,42248,12,42248,17913758,0,1197766.0
97,38023958,VRS+GT+Sprint+Series+-+2021+Season+2,3139,GT3+Class,3093,3160,13,133,20,4,0,Toni+Sulosalmi,6,159,11,4,42248,13,42248,19185066,0,1271308.0
98,38023958,VRS+GT+Sprint+Series+-+2021+Season+2,3139,GT3+Class,3093,3160,13,133,20,4,0,Toni+Sulosalmi,6,159,11,4,42248,14,42248,20658235,2,1473169.0
99,38023958,VRS+GT+Sprint+Series+-+2021+Season+2,3139,GT3+Class,3093,3160,13,133,20,4,0,Toni+Sulosalmi,6,159,11,4,42248,15,42248,21865499,64,1207264.0
100,38023958,VRS+GT+Sprint+Series+-+2021+Season+2,3139,GT3+Class,3093,3160,13,133,20,4,0,Toni+Sulosalmi,6,159,11,4,42248,16,42248,23068142,0,1202643.0
101,38023958,VRS+GT+Sprint+Series+-+2021+Season+2,3139,GT3+Class,3093,3160,13,133,20,4,0,Toni+Sulosalmi,6,159,11,4,42248,17,42248,24268713,0,1200571.0
102,38023958,VRS+GT+Sprint+Series+-+2021+Season+2,3139,GT3+Class,3093,3160,13,133,20,4,0,Toni+Sulosalmi,6,159,11,4,42248,18,42248,25469490,256,1200777.0
103,38023958,VRS+GT+Sprint+Series+-+2021+Season+2,3139,GT3+Class,3093,3160,13,133,20,4,0,Toni+Sulosalmi,6,159,11,4,42248,19,42248,26672583,4,1203093.0
104,38023958,VRS+GT+Sprint+Series+-+2021+Season+2,3139,GT3+Class,3093,3160,13,133,20,4,0,Toni+Sulosalmi,6,159,11,4,42248,20,42248,27874863,16388,1202280.0
105,38023958,VRS+GT+Sprint+Series+-+2021+Season+2,3139,GT3+Class,4550,4572,3,133,20,5,0,Tommy+Vandergucht,7,151,6,5,140714,0,140714,3449403,0,0.0
106,38023958,VRS+GT+Sprint+Series+-+2021+Season+2,3139,GT3+Class,4550,4572,3,133,20,5,0,Tommy+Vandergucht,7,151,6,5,140714,1,140714,4723864,8192,1274461.0
107,38023958,VRS+GT+Sprint+Series+-+2021+Season+2,3139,GT3+Class,4550,4572,3,133,20,5,0,Tommy+Vandergucht,7,151,6,5,140714,2,140714,5921295,0,1197431.0
108,38023958,VRS+GT+Sprint+Series+-+2021+Season+2,3139,GT3+Class,4550,4572,3,133,20,5,0,Tommy+Vandergucht,7,151,6,5,140714,3,140714,7120707,0,1199412.0
109,38023958,VRS+GT+Sprint+Series+-+2021+Season+2,3139,GT3+Class,4550,4572,3,133,20,5,0,Tommy+Vandergucht,7,151,6,5,140714,4,140714,8319131,0,1198424.0
110,38023958,VRS+GT+Sprint+Series+-+2021+Season+2,3139,GT3+Class,4550,4572,3,133,20,5,0,Tommy+Vandergucht,7,151,6,5,140714,5,140714,9518747,0,1199616.0
111,38023958,VRS+GT+Sprint+Series+-+2021+Season+2,3139,GT3+Class,4550,4572,3,133,20,5,0,Tommy+Vandergucht,7,151,6,5,140714,6,140714,10718717,0,1199970.0
112,38023958,VRS+GT+Sprint+Series+-+2021+Season+2,3139,GT3+Class,4550,4572,3,133,20,5,0,Tommy+Vandergucht,7,151,6,5,140714,7,140714,11920916,0,1202199.0
113,38023958,VRS+GT+Sprint+Series+-+2021+Season+2,3139,GT3+Class,4550,4572,3,133,20,5,0,Tommy+Vandergucht,7,151,6,5,140714,8,140714,13122281,0,1201365.0
114,38023958,VRS+GT+Sprint+Series+-+2021+Season+2,3139,GT3+Class,4550,4572,3,133,20,5,0,Tommy+Vandergucht,7,151,6,5,140714,9,140714,14319717,4,1197436.0
115,38023958,VRS+GT+Sprint+Series+-+2021+Season+2,3139,GT3+Class,4550,4572,3,133,20,5,0,Tommy+Vandergucht,7,151,6,5,140714,10,140714,15518715,0,1198998.0
116,38023958,VRS+GT+Sprint+Series+-+2021+Season+2,3139,GT3+Class,4550,4572,3,133,20,5,0,Tommy+Vandergucht,7,151,6,5,140714,11,140714,16718560,0,1199845.0
117,38023958,VRS+GT+Sprint+Series+-+2021+Season+2,3139,GT3+Class,4550,4572,3,133,20,5,0,Tommy+Vandergucht,7,151,6,5,140714,12,140714,17985014,0,1266454.0
118,38023958,VRS+GT+Sprint+Series+-+2021+Season+2,3139,GT3+Class,4550,4572,3,133,20,5,0,Tommy+Vandergucht,7,151,6,5,140714,13,140714,19441830,2,1456816.0
119,38023958,VRS+GT+Sprint+Series+-+2021+Season+2,3139,GT3+Class,4550,4572,3,133,20,5,0,Tommy+Vandergucht,7,151,6,5,140714,14,140714,20644344,0,1202514.0
120,38023958,VRS+GT+Sprint+Series+-+2021+Season+2,3139,GT3+Class,4550,4572,3,133,20,5,0,Tommy+Vandergucht,7,151,6,5,140714,15,140714,21925909,192,1281565.0
121,38023958,VRS+GT+Sprint+Series+-+2021+Season+2,3139,GT3+Class,4550,4572,3,133,20,5,0,Tommy+Vandergucht,7,151,6,5,140714,16,140714,23134072,0,1208163.0
122,38023958,VRS+GT+Sprint+Series+-+2021+Season+2,3139,GT3+Class,4550,4572,3,133,20,5,0,Tommy+Vandergucht,7,151,6,5,140714,17,140714,24335857,0,1201785.0
123,38023958,VRS+GT+Sprint+Series+-+2021+Season+2,3139,GT3+Class,4550,4572,3,133,20,5,0,Tommy+Vandergucht,7,151,6,5,140714,18,140714,25538877,0,1203020.0
124,38023958,VRS+GT+Sprint+Series+-+2021+Season+2,3139,GT3+Class,4550,4572,3,133,20,5,0,Tommy+Vandergucht,7,151,6,5,140714,19,140714,26741182,4,1202305.0
125,38023958,VRS+GT+Sprint+Series+-+2021+Season+2,3139,GT3+Class,4550,4572,3,133,20,5,0,Tommy+Vandergucht,7,151,6,5,140714,20,140714,27946263,16384,1205081.0
126,38023958,VRS+GT+Sprint+Series+-+2021+Season+2,3139,GT3+Class,2757,2817,16,133,20,6,0,Martin+Abraham,8,143,1,6,384650,0,384650,3449413,0,0.0
127,38023958,VRS+GT+Sprint+Series+-+2021+Season+2,3139,GT3+Class,2757,2817,16,133,20,6,0,Martin+Abraham,8,143,1,6,384650,1,384650,4728114,8192,1278701.0
128,38023958,VRS+GT+Sprint+Series+-+2021+Season+2,3139,GT3+Class,2757,2817,16,133,20,6,0,Martin+Abraham,8,143,1,6,384650,2,384650,5930464,4,1202350.0
129,38023958,VRS+GT+Sprint+Series+-+2021+Season+2,3139,GT3+Class,2757,2817,16,133,20,6,0,Martin+Abraham,8,143,1,6,384650,3,384650,7129132,0,1198668.0
130,38023958,VRS+GT+Sprint+Series+-+2021+Season+2,3139,GT3+Class,2757,2817,16,133,20,6,0,Martin+Abraham,8,143,1,6,384650,4,384650,8331108,0,1201976.0
131,38023958,VRS+GT+Sprint+Series+-+2021+Season+2,3139,GT3+Class,2757,2817,16,133,20,6,0,Martin+Abraham,8,143,1,6,384650,5,384650,9535239,0,1204131.0
132,38023958,VRS+GT+Sprint+Series+-+2021+Season+2,3139,GT3+Class,2757,2817,16,133,20,6,0,Martin+Abraham,8,143,1,6,384650,6,384650,10737276,0,1202037.0
133,38023958,VRS+GT+Sprint+Series+-+2021+Season+2,3139,GT3+Class,2757,2817,16,133,20,6,0,Martin+Abraham,8,143,1,6,384650,7,384650,11941167,0,1203891.0
134,38023958,VRS+GT+Sprint+Series+-+2021+Season+2,3139,GT3+Class,2757,2817,16,133,20,6,0,Martin+Abraham,8,143,1,6,384650,8,384650,13143178,0,1202011.0
135,38023958,VRS+GT+Sprint+Series+-+2021+Season+2,3139,GT3+Class,2757,2817,16,133,20,6,0,Martin+Abraham,8,143,1,6,384650,9,384650,14346669,0,1203491.0
136,38023958,VRS+GT+Sprint+Series+-+2021+Season+2,3139,GT3+Class,2757,2817,16,133,20,6,0,Martin+Abraham,8,143,1,6,384650,10,384650,15551320,0,1204651.0
137,38023958,VRS+GT+Sprint+Series+-+2021+Season+2,3139,GT3+Class,2757,2817,16,133,20,6,0,Martin+Abraham,8,143,1,6,384650,11,384650,16755361,0,1204041.0
138,38023958,VRS+GT+Sprint+Series+-+2021+Season+2,3139,GT3+Class,2757,2817,16,133,20,6,0,Martin+Abraham,8,143,1,6,384650,12,384650,17958726,0,1203365.0
139,38023958,VRS+GT+Sprint+Series+-+2021+Season+2,3139,GT3+Class,2757,2817,16,133,20,6,0,Martin+Abraham,8,143,1,6,384650,13,384650,19231266,0,1272540.0
140,38023958,VRS+GT+Sprint+Series+-+2021+Season+2,3139,GT3+Class,2757,2817,16,133,20,6,0,Martin+Abraham,8,143,1,6,384650,14,384650,20713357,2,1482091.0
141,38023958,VRS+GT+Sprint+Series+-+2021+Season+2,3139,GT3+Class,2757,2817,16,133,20,6,0,Martin+Abraham,8,143,1,6,384650,15,384650,21921327,0,1207970.0
142,38023958,VRS+GT+Sprint+Series+-+2021+Season+2,3139,GT3+Class,2757,2817,16,133,20,6,0,Martin+Abraham,8,143,1,6,384650,16,384650,23136631,0,1215304.0
143,38023958,VRS+GT+Sprint+Series+-+2021+Season+2,3139,GT3+Class,2757,2817,16,133,20,6,0,Martin+Abraham,8,143,1,6,384650,17,384650,24341299,0,1204668.0
144,38023958,VRS+GT+Sprint+Series+-+2021+Season+2,3139,GT3+Class,2757,2817,16,133,20,6,0,Martin+Abraham,8,143,1,6,384650,18,384650,25542218,0,1200919.0
145,38023958,VRS+GT+Sprint+Series+-+2021+Season+2,3139,GT3+Class,2757,2817,16,133,20,6,0,Martin+Abraham,8,143,1,6,384650,19,384650,26747603,0,1205385.0
146,38023958,VRS+GT+Sprint+Series+-+2021+Season+2,3139,GT3+Class,2757,2817,16,133,20,6,0,Martin+Abraham,8,143,1,6,384650,20,384650,27950410,16384,1202807.0
147,38023958,VRS+GT+Sprint+Series+-+2021+Season+2,3139,GT3+Class,3883,3905,6,43,20,7,0,Jari+Tallgren,11,135,11,7,29180,0,29180,3449443,0,0.0
148,38023958,VRS+GT+Sprint+Series+-+2021+Season+2,3139,GT3+Class,3883,3905,6,43,20,7,0,Jari+Tallgren,11,135,11,7,29180,1,29180,4730482,8192,1281039.0
149,38023958,VRS+GT+Sprint+Series+-+2021+Season+2,3139,GT3+Class,3883,3905,6,43,20,7,0,Jari+Tallgren,11,135,11,7,29180,2,29180,6057032,132,1326550.0
150,38023958,VRS+GT+Sprint+Series+-+2021+Season+2,3139,GT3+Class,3883,3905,6,43,20,7,0,Jari+Tallgren,11,135,11,7,29180,3,29180,7257126,0,1200094.0
151,38023958,VRS+GT+Sprint+Series+-+2021+Season+2,3139,GT3+Class,3883,3905,6,43,20,7,0,Jari+Tallgren,11,135,11,7,29180,4,29180,8463470,0,1206344.0
152,38023958,VRS+GT+Sprint+Series+-+2021+Season+2,3139,GT3+Class,3883,3905,6,43,20,7,0,Jari+Tallgren,11,135,11,7,29180,5,29180,9676198,64,1212728.0
153,38023958,VRS+GT+Sprint+Series+-+2021+Season+2,3139,GT3+Class,3883,3905,6,43,20,7,0,Jari+Tallgren,11,135,11,7,29180,6,29180,10943033,0,1266835.0
154,38023958,VRS+GT+Sprint+Series+-+2021+Season+2,3139,GT3+Class,3883,3905,6,43,20,7,0,Jari+Tallgren,11,135,11,7,29180,7,29180,12387848,2,1444815.0
155,38023958,VRS+GT+Sprint+Series+-+2021+Season+2,3139,GT3+Class,3883,3905,6,43,20,7,0,Jari+Tallgren,11,135,11,7,29180,8,29180,13588127,0,1200279.0
156,38023958,VRS+GT+Sprint+Series+-+2021+Season+2,3139,GT3+Class,3883,3905,6,43,20,7,0,Jari+Tallgren,11,135,11,7,29180,9,29180,14790271,0,1202144.0
157,38023958,VRS+GT+Sprint+Series+-+2021+Season+2,3139,GT3+Class,3883,3905,6,43,20,7,0,Jari+Tallgren,11,135,11,7,29180,10,29180,15992148,0,1201877.0
158,38023958,VRS+GT+Sprint+Series+-+2021+Season+2,3139,GT3+Class,3883,3905,6,43,20,7,0,Jari+Tallgren,11,135,11,7,29180,11,29180,17195820,0,1203672.0
159,38023958,VRS+GT+Sprint+Series+-+2021+Season+2,3139,GT3+Class,3883,3905,6,43,20,7,0,Jari+Tallgren,11,135,11,7,29180,12,29180,18398852,0,1203032.0
160,38023958,VRS+GT+Sprint+Series+-+2021+Season+2,3139,GT3+Class,3883,3905,6,43,20,7,0,Jari+Tallgren,11,135,11,7,29180,13,29180,19601328,4,1202476.0
161,38023958,VRS+GT+Sprint+Series+-+2021+Season+2,3139,GT3+Class,3883,3905,6,43,20,7,0,Jari+Tallgren,11,135,11,7,29180,14,29180,20801853,0,1200525.0
162,38023958,VRS+GT+Sprint+Series+-+2021+Season+2,3139,GT3+Class,3883,3905,6,43,20,7,0,Jari+Tallgren,11,135,11,7,29180,15,29180,22003808,0,1201955.0
163,38023958,VRS+GT+Sprint+Series+-+2021+Season+2,3139,GT3+Class,3883,3905,6,43,20,7,0,Jari+Tallgren,11,135,11,7,29180,16,29180,23218288,0,1214480.0
164,38023958,VRS+GT+Sprint+Series+-+2021+Season+2,3139,GT3+Class,3883,3905,6,43,20,7,0,Jari+Tallgren,11,135,11,7,29180,17,29180,24423273,0,1204985.0
165,38023958,VRS+GT+Sprint+Series+-+2021+Season+2,3139,GT3+Class,3883,3905,6,43,20,7,0,Jari+Tallgren,11,135,11,7,29180,18,29180,25624555,0,1201282.0
166,38023958,VRS+GT+Sprint+Series+-+2021+Season+2,3139,GT3+Class,3883,3905,6,43,20,7,0,Jari+Tallgren,11,135,11,7,29180,19,29180,26825417,0,1200862.0
167,38023958,VRS+GT+Sprint+Series+-+2021+Season+2,3139,GT3+Class,3883,3905,6,43,20,7,0,Jari+Tallgren,11,135,11,7,29180,20,29180,28027928,16384,1202511.0
168,38023958,VRS+GT+Sprint+Series+-+2021+Season+2,3139,GT3+Class,3595,3616,8,133,20,8,0,Aleksey+Seleznev,14,127,3,8,270383,0,270383,3449473,0,0.0
169,38023958,VRS+GT+Sprint+Series+-+2021+Season+2,3139,GT3+Class,3595,3616,8,133,20,8,0,Aleksey+Seleznev,14,127,3,8,270383,1,270383,4875332,8324,1425859.0
170,38023958,VRS+GT+Sprint+Series+-+2021+Season+2,3139,GT3+Class,3595,3616,8,133,20,8,0,Aleksey+Seleznev,14,127,3,8,270383,2,270383,6086955,0,1211623.0
171,38023958,VRS+GT+Sprint+Series+-+2021+Season+2,3139,GT3+Class,3595,3616,8,133,20,8,0,Aleksey+Seleznev,14,127,3,8,270383,3,270383,7289813,0,1202858.0
172,38023958,VRS+GT+Sprint+Series+-+2021+Season+2,3139,GT3+Class,3595,3616,8,133,20,8,0,Aleksey+Seleznev,14,127,3,8,270383,4,270383,8490167,0,1200354.0
173,38023958,VRS+GT+Sprint+Series+-+2021+Season+2,3139,GT3+Class,3595,3616,8,133,20,8,0,Aleksey+Seleznev,14,127,3,8,270383,5,270383,9691401,0,1201234.0
174,38023958,VRS+GT+Sprint+Series+-+2021+Season+2,3139,GT3+Class,3595,3616,8,133,20,8,0,Aleksey+Seleznev,14,127,3,8,270383,6,270383,10896428,0,1205027.0
175,38023958,VRS+GT+Sprint+Series+-+2021+Season+2,3139,GT3+Class,3595,3616,8,133,20,8,0,Aleksey+Seleznev,14,127,3,8,270383,7,270383,12095144,0,1198716.0
176,38023958,VRS+GT+Sprint+Series+-+2021+Season+2,3139,GT3+Class,3595,3616,8,133,20,8,0,Aleksey+Seleznev,14,127,3,8,270383,8,270383,13299883,0,1204739.0
177,38023958,VRS+GT+Sprint+Series+-+2021+Season+2,3139,GT3+Class,3595,3616,8,133,20,8,0,Aleksey+Seleznev,14,127,3,8,270383,9,270383,14509469,0,1209586.0
178,38023958,VRS+GT+Sprint+Series+-+2021+Season+2,3139,GT3+Class,3595,3616,8,133,20,8,0,Aleksey+Seleznev,14,127,3,8,270383,10,270383,15710703,4,1201234.0
179,38023958,VRS+GT+Sprint+Series+-+2021+Season+2,3139,GT3+Class,3595,3616,8,133,20,8,0,Aleksey+Seleznev,14,127,3,8,270383,11,270383,16909886,0,1199183.0
180,38023958,VRS+GT+Sprint+Series+-+2021+Season+2,3139,GT3+Class,3595,3616,8,133,20,8,0,Aleksey+Seleznev,14,127,3,8,270383,12,270383,18107661,0,1197775.0
181,38023958,VRS+GT+Sprint+Series+-+2021+Season+2,3139,GT3+Class,3595,3616,8,133,20,8,0,Aleksey+Seleznev,14,127,3,8,270383,13,270383,19308846,0,1201185.0
182,38023958,VRS+GT+Sprint+Series+-+2021+Season+2,3139,GT3+Class,3595,3616,8,133,20,8,0,Aleksey+Seleznev,14,127,3,8,270383,14,270383,20577699,0,1268853.0
183,38023958,VRS+GT+Sprint+Series+-+2021+Season+2,3139,GT3+Class,3595,3616,8,133,20,8,0,Aleksey+Seleznev,14,127,3,8,270383,15,270383,22029064,2,1451365.0
184,38023958,VRS+GT+Sprint+Series+-+2021+Season+2,3139,GT3+Class,3595,3616,8,133,20,8,0,Aleksey+Seleznev,14,127,3,8,270383,16,270383,23239281,0,1210217.0
185,38023958,VRS+GT+Sprint+Series+-+2021+Season+2,3139,GT3+Class,3595,3616,8,133,20,8,0,Aleksey+Seleznev,14,127,3,8,270383,17,270383,24441273,0,1201992.0
186,38023958,VRS+GT+Sprint+Series+-+2021+Season+2,3139,GT3+Class,3595,3616,8,133,20,8,0,Aleksey+Seleznev,14,127,3,8,270383,18,270383,25642258,0,1200985.0
187,38023958,VRS+GT+Sprint+Series+-+2021+Season+2,3139,GT3+Class,3595,3616,8,133,20,8,0,Aleksey+Seleznev,14,127,3,8,270383,19,270383,26843440,0,1201182.0
188,38023958,VRS+GT+Sprint+Series+-+2021+Season+2,3139,GT3+Class,3595,3616,8,133,20,8,0,Aleksey+Seleznev,14,127,3,8,270383,20,270383,28045468,16384,1202028.0
189,38023958,VRS+GT+Sprint+Series+-+2021+Season+2,3139,GT3+Class,3330,3350,9,43,20,9,0,Willem+Karsten,5,119,5,9,363113,0,363113,3449383,0,0.0
190,38023958,VRS+GT+Sprint+Series+-+2021+Season+2,3139,GT3+Class,3330,3350,9,43,20,9,0,Willem+Karsten,5,119,5,9,363113,1,363113,4871733,8388,1422350.0
191,38023958,VRS+GT+Sprint+Series+-+2021+Season+2,3139,GT3+Class,3330,3350,9,43,20,9,0,Willem+Karsten,5,119,5,9,363113,2,363113,6085418,0,1213685.0
192,38023958,VRS+GT+Sprint+Series+-+2021+Season+2,3139,GT3+Class,3330,3350,9,43,20,9,0,Willem+Karsten,5,119,5,9,363113,3,363113,7286830,0,1201412.0
193,38023958,VRS+GT+Sprint+Series+-+2021+Season+2,3139,GT3+Class,3330,3350,9,43,20,9,0,Willem+Karsten,5,119,5,9,363113,4,363113,8485479,0,1198649.0
194,38023958,VRS+GT+Sprint+Series+-+2021+Season+2,3139,GT3+Class,3330,3350,9,43,20,9,0,Willem+Karsten,5,119,5,9,363113,5,363113,9687825,0,1202346.0
195,38023958,VRS+GT+Sprint+Series+-+2021+Season+2,3139,GT3+Class,3330,3350,9,43,20,9,0,Willem+Karsten,5,119,5,9,363113,6,363113,10893303,0,1205478.0
196,38023958,VRS+GT+Sprint+Series+-+2021+Season+2,3139,GT3+Class,3330,3350,9,43,20,9,0,Willem+Karsten,5,119,5,9,363113,7,363113,12090725,0,1197422.0
197,38023958,VRS+GT+Sprint+Series+-+2021+Season+2,3139,GT3+Class,3330,3350,9,43,20,9,0,Willem+Karsten,5,119,5,9,363113,8,363113,13294604,0,1203879.0
198,38023958,VRS+GT+Sprint+Series+-+2021+Season+2,3139,GT3+Class,3330,3350,9,43,20,9,0,Willem+Karsten,5,119,5,9,363113,9,363113,14506795,0,1212191.0
199,38023958,VRS+GT+Sprint+Series+-+2021+Season+2,3139,GT3+Class,3330,3350,9,43,20,9,0,Willem+Karsten,5,119,5,9,363113,10,363113,15707671,0,1200876.0
200,38023958,VRS+GT+Sprint+Series+-+2021+Season+2,3139,GT3+Class,3330,3350,9,43,20,9,0,Willem+Karsten,5,119,5,9,363113,11,363113,16906604,0,1198933.0
201,38023958,VRS+GT+Sprint+Series+-+2021+Season+2,3139,GT3+Class,3330,3350,9,43,20,9,0,Willem+Karsten,5,119,5,9,363113,12,363113,18103995,0,1197391.0
202,38023958,VRS+GT+Sprint+Series+-+2021+Season+2,3139,GT3+Class,3330,3350,9,43,20,9,0,Willem+Karsten,5,119,5,9,363113,13,363113,19305532,0,1201537.0
203,38023958,VRS+GT+Sprint+Series+-+2021+Season+2,3139,GT3+Class,3330,3350,9,43,20,9,0,Willem+Karsten,5,119,5,9,363113,14,363113,20568462,0,1262930.0
204,38023958,VRS+GT+Sprint+Series+-+2021+Season+2,3139,GT3+Class,3330,3350,9,43,20,9,0,Willem+Karsten,5,119,5,9,363113,15,363113,22012722,2,1444260.0
205,38023958,VRS+GT+Sprint+Series+-+2021+Season+2,3139,GT3+Class,3330,3350,9,43,20,9,0,Willem+Karsten,5,119,5,9,363113,16,363113,23258451,0,1245729.0
206,38023958,VRS+GT+Sprint+Series+-+2021+Season+2,3139,GT3+Class,3330,3350,9,43,20,9,0,Willem+Karsten,5,119,5,9,363113,17,363113,24462065,0,1203614.0
207,38023958,VRS+GT+Sprint+Series+-+2021+Season+2,3139,GT3+Class,3330,3350,9,43,20,9,0,Willem+Karsten,5,119,5,9,363113,18,363113,25680330,0,1218265.0
208,38023958,VRS+GT+Sprint+Series+-+2021+Season+2,3139,GT3+Class,3330,3350,9,43,20,9,0,Willem+Karsten,5,119,5,9,363113,19,363113,26884347,0,1204017.0
209,38023958,VRS+GT+Sprint+Series+-+2021+Season+2,3139,GT3+Class,3330,3350,9,43,20,9,0,Willem+Karsten,5,119,5,9,363113,20,363113,28089632,16384,1205285.0
210,38023958,VRS+GT+Sprint+Series+-+2021+Season+2,3139,GT3+Class,3196,3212,11,43,20,10,0,Jayzreen+Jali,3,111,5,10,180111,0,180111,3449363,0,0.0
211,38023958,VRS+GT+Sprint+Series+-+2021+Season+2,3139,GT3+Class,3196,3212,11,43,20,10,0,Jayzreen+Jali,3,111,5,10,180111,1,180111,4807835,8420,1358472.0
212,38023958,VRS+GT+Sprint+Series+-+2021+Season+2,3139,GT3+Class,3196,3212,11,43,20,10,0,Jayzreen+Jali,3,111,5,10,180111,2,180111,6046018,0,1238183.0
213,38023958,VRS+GT+Sprint+Series+-+2021+Season+2,3139,GT3+Class,3196,3212,11,43,20,10,0,Jayzreen+Jali,3,111,5,10,180111,3,180111,7255788,0,1209770.0
214,38023958,VRS+GT+Sprint+Series+-+2021+Season+2,3139,GT3+Class,3196,3212,11,43,20,10,0,Jayzreen+Jali,3,111,5,10,180111,4,180111,8469131,0,1213343.0
215,38023958,VRS+GT+Sprint+Series+-+2021+Season+2,3139,GT3+Class,3196,3212,11,43,20,10,0,Jayzreen+Jali,3,111,5,10,180111,5,180111,9678942,0,1209811.0
216,38023958,VRS+GT+Sprint+Series+-+2021+Season+2,3139,GT3+Class,3196,3212,11,43,20,10,0,Jayzreen+Jali,3,111,5,10,180111,6,180111,10950193,0,1271251.0
217,38023958,VRS+GT+Sprint+Series+-+2021+Season+2,3139,GT3+Class,3196,3212,11,43,20,10,0,Jayzreen+Jali,3,111,5,10,180111,7,180111,12412128,2,1461935.0
218,38023958,VRS+GT+Sprint+Series+-+2021+Season+2,3139,GT3+Class,3196,3212,11,43,20,10,0,Jayzreen+Jali,3,111,5,10,180111,8,180111,13617227,0,1205099.0
219,38023958,VRS+GT+Sprint+Series+-+2021+Season+2,3139,GT3+Class,3196,3212,11,43,20,10,0,Jayzreen+Jali,3,111,5,10,180111,9,180111,14821333,0,1204106.0
220,38023958,VRS+GT+Sprint+Series+-+2021+Season+2,3139,GT3+Class,3196,3212,11,43,20,10,0,Jayzreen+Jali,3,111,5,10,180111,10,180111,16026695,0,1205362.0
221,38023958,VRS+GT+Sprint+Series+-+2021+Season+2,3139,GT3+Class,3196,3212,11,43,20,10,0,Jayzreen+Jali,3,111,5,10,180111,11,180111,17231571,0,1204876.0
222,38023958,VRS+GT+Sprint+Series+-+2021+Season+2,3139,GT3+Class,3196,3212,11,43,20,10,0,Jayzreen+Jali,3,111,5,10,180111,12,180111,18436941,4,1205370.0
223,38023958,VRS+GT+Sprint+Series+-+2021+Season+2,3139,GT3+Class,3196,3212,11,43,20,10,0,Jayzreen+Jali,3,111,5,10,180111,13,180111,19642498,0,1205557.0
224,38023958,VRS+GT+Sprint+Series+-+2021+Season+2,3139,GT3+Class,3196,3212,11,43,20,10,0,Jayzreen+Jali,3,111,5,10,180111,14,180111,20847616,0,1205118.0
225,38023958,VRS+GT+Sprint+Series+-+2021+Season+2,3139,GT3+Class,3196,3212,11,43,20,10,0,Jayzreen+Jali,3,111,5,10,180111,15,180111,22051562,0,1203946.0
226,38023958,VRS+GT+Sprint+Series+-+2021+Season+2,3139,GT3+Class,3196,3212,11,43,20,10,0,Jayzreen+Jali,3,111,5,10,180111,16,180111,23274893,0,1223331.0
227,38023958,VRS+GT+Sprint+Series+-+2021+Season+2,3139,GT3+Class,3196,3212,11,43,20,10,0,Jayzreen+Jali,3,111,5,10,180111,17,180111,24486904,0,1212011.0
228,38023958,VRS+GT+Sprint+Series+-+2021+Season+2,3139,GT3+Class,3196,3212,11,43,20,10,0,Jayzreen+Jali,3,111,5,10,180111,18,180111,25689371,0,1202467.0
229,38023958,VRS+GT+Sprint+Series+-+2021+Season+2,3139,GT3+Class,3196,3212,11,43,20,10,0,Jayzreen+Jali,3,111,5,10,180111,19,180111,26895071,0,1205700.0
230,38023958,VRS+GT+Sprint+Series+-+2021+Season+2,3139,GT3+Class,3196,3212,11,43,20,10,0,Jayzreen+Jali,3,111,5,10,180111,20,180111,28100551,16384,1205480.0
231,38023958,VRS+GT+Sprint+Series+-+2021+Season+2,3139,GT3+Class,3018,3031,14,133,20,11,0,Nolan+Lambert,15,103,7,11,517735,0,517735,3449483,0,0.0
232,38023958,VRS+GT+Sprint+Series+-+2021+Season+2,3139,GT3+Class,3018,3031,14,133,20,11,0,Nolan+Lambert,15,103,7,11,517735,1,517735,4753711,8256,1304228.0
233,38023958,VRS+GT+Sprint+Series+-+2021+Season+2,3139,GT3+Class,3018,3031,14,133,20,11,0,Nolan+Lambert,15,103,7,11,517735,2,517735,5961518,0,1207807.0
234,38023958,VRS+GT+Sprint+Series+-+2021+Season+2,3139,GT3+Class,3018,3031,14,133,20,11,0,Nolan+Lambert,15,103,7,11,517735,3,517735,7161979,0,1200461.0
235,38023958,VRS+GT+Sprint+Series+-+2021+Season+2,3139,GT3+Class,3018,3031,14,133,20,11,0,Nolan+Lambert,15,103,7,11,517735,4,517735,8360585,0,1198606.0
236,38023958,VRS+GT+Sprint+Series+-+2021+Season+2,3139,GT3+Class,3018,3031,14,133,20,11,0,Nolan+Lambert,15,103,7,11,517735,5,517735,9562170,0,1201585.0
237,38023958,VRS+GT+Sprint+Series+-+2021+Season+2,3139,GT3+Class,3018,3031,14,133,20,11,0,Nolan+Lambert,15,103,7,11,517735,6,517735,10767335,0,1205165.0
238,38023958,VRS+GT+Sprint+Series+-+2021+Season+2,3139,GT3+Class,3018,3031,14,133,20,11,0,Nolan+Lambert,15,103,7,11,517735,7,517735,11974388,0,1207053.0
239,38023958,VRS+GT+Sprint+Series+-+2021+Season+2,3139,GT3+Class,3018,3031,14,133,20,11,0,Nolan+Lambert,15,103,7,11,517735,8,517735,13175369,0,1200981.0
240,38023958,VRS+GT+Sprint+Series+-+2021+Season+2,3139,GT3+Class,3018,3031,14,133,20,11,0,Nolan+Lambert,15,103,7,11,517735,9,517735,14374562,0,1199193.0
241,38023958,VRS+GT+Sprint+Series+-+2021+Season+2,3139,GT3+Class,3018,3031,14,133,20,11,0,Nolan+Lambert,15,103,7,11,517735,10,517735,15695189,132,1320627.0
242,38023958,VRS+GT+Sprint+Series+-+2021+Season+2,3139,GT3+Class,3018,3031,14,133,20,11,0,Nolan+Lambert,15,103,7,11,517735,11,517735,16899137,0,1203948.0
243,38023958,VRS+GT+Sprint+Series+-+2021+Season+2,3139,GT3+Class,3018,3031,14,133,20,11,0,Nolan+Lambert,15,103,7,11,517735,12,517735,18194637,0,1295500.0
244,38023958,VRS+GT+Sprint+Series+-+2021+Season+2,3139,GT3+Class,3018,3031,14,133,20,11,0,Nolan+Lambert,15,103,7,11,517735,13,517735,19674740,2,1480103.0
245,38023958,VRS+GT+Sprint+Series+-+2021+Season+2,3139,GT3+Class,3018,3031,14,133,20,11,0,Nolan+Lambert,15,103,7,11,517735,14,517735,20881135,0,1206395.0
246,38023958,VRS+GT+Sprint+Series+-+2021+Season+2,3139,GT3+Class,3018,3031,14,133,20,11,0,Nolan+Lambert,15,103,7,11,517735,15,517735,22088137,4,1207002.0
247,38023958,VRS+GT+Sprint+Series+-+2021+Season+2,3139,GT3+Class,3018,3031,14,133,20,11,0,Nolan+Lambert,15,103,7,11,517735,16,517735,23293380,0,1205243.0
248,38023958,VRS+GT+Sprint+Series+-+2021+Season+2,3139,GT3+Class,3018,3031,14,133,20,11,0,Nolan+Lambert,15,103,7,11,517735,17,517735,24499425,0,1206045.0
249,38023958,VRS+GT+Sprint+Series+-+2021+Season+2,3139,GT3+Class,3018,3031,14,133,20,11,0,Nolan+Lambert,15,103,7,11,517735,18,517735,25704265,0,1204840.0
250,38023958,VRS+GT+Sprint+Series+-+2021+Season+2,3139,GT3+Class,3018,3031,14,133,20,11,0,Nolan+Lambert,15,103,7,11,517735,19,517735,26907306,0,1203041.0
251,38023958,VRS+GT+Sprint+Series+-+2021+Season+2,3139,GT3+Class,3018,3031,14,133,20,11,0,Nolan+Lambert,15,103,7,11,517735,20,517735,28110216,16384,1202910.0
252,38023958,VRS+GT+Sprint+Series+-+2021+Season+2,3139,GT3+Class,3172,3173,12,72,20,12,0,Jan+Philipp+Springob,13,95,6,12,457690,0,457690,3449463,0,0.0
253,38023958,VRS+GT+Sprint+Series+-+2021+Season+2,3139,GT3+Class,3172,3173,12,72,20,12,0,Jan+Philipp+Springob,13,95,6,12,457690,1,457690,4737635,8192,1288172.0
254,38023958,VRS+GT+Sprint+Series+-+2021+Season+2,3139,GT3+Class,3172,3173,12,72,20,12,0,Jan+Philipp+Springob,13,95,6,12,457690,2,457690,5938583,0,1200948.0
255,38023958,VRS+GT+Sprint+Series+-+2021+Season+2,3139,GT3+Class,3172,3173,12,72,20,12,0,Jan+Philipp+Springob,13,95,6,12,457690,3,457690,7140561,0,1201978.0
256,38023958,VRS+GT+Sprint+Series+-+2021+Season+2,3139,GT3+Class,3172,3173,12,72,20,12,0,Jan+Philipp+Springob,13,95,6,12,457690,4,457690,8355864,0,1215303.0
257,38023958,VRS+GT+Sprint+Series+-+2021+Season+2,3139,GT3+Class,3172,3173,12,72,20,12,0,Jan+Philipp+Springob,13,95,6,12,457690,5,457690,9567440,0,1211576.0
258,38023958,VRS+GT+Sprint+Series+-+2021+Season+2,3139,GT3+Class,3172,3173,12,72,20,12,0,Jan+Philipp+Springob,13,95,6,12,457690,6,457690,10787046,0,1219606.0
259,38023958,VRS+GT+Sprint+Series+-+2021+Season+2,3139,GT3+Class,3172,3173,12,72,20,12,0,Jan+Philipp+Springob,13,95,6,12,457690,7,457690,11989124,4,1202078.0
260,38023958,VRS+GT+Sprint+Series+-+2021+Season+2,3139,GT3+Class,3172,3173,12,72,20,12,0,Jan+Philipp+Springob,13,95,6,12,457690,8,457690,13196983,0,1207859.0
261,38023958,VRS+GT+Sprint+Series+-+2021+Season+2,3139,GT3+Class,3172,3173,12,72,20,12,0,Jan+Philipp+Springob,13,95,6,12,457690,9,457690,14398314,0,1201331.0
262,38023958,VRS+GT+Sprint+Series+-+2021+Season+2,3139,GT3+Class,3172,3173,12,72,20,12,0,Jan+Philipp+Springob,13,95,6,12,457690,10,457690,15611348,0,1213034.0
263,38023958,VRS+GT+Sprint+Series+-+2021+Season+2,3139,GT3+Class,3172,3173,12,72,20,12,0,Jan+Philipp+Springob,13,95,6,12,457690,11,457690,16819259,0,1207911.0
264,38023958,VRS+GT+Sprint+Series+-+2021+Season+2,3139,GT3+Class,3172,3173,12,72,20,12,0,Jan+Philipp+Springob,13,95,6,12,457690,12,457690,18020329,0,1201070.0
265,38023958,VRS+GT+Sprint+Series+-+2021+Season+2,3139,GT3+Class,3172,3173,12,72,20,12,0,Jan+Philipp+Springob,13,95,6,12,457690,13,457690,19299088,0,1278759.0
266,38023958,VRS+GT+Sprint+Series+-+2021+Season+2,3139,GT3+Class,3172,3173,12,72,20,12,0,Jan+Philipp+Springob,13,95,6,12,457690,14,457690,20778736,2,1479648.0
267,38023958,VRS+GT+Sprint+Series+-+2021+Season+2,3139,GT3+Class,3172,3173,12,72,20,12,0,Jan+Philipp+Springob,13,95,6,12,457690,15,457690,22001109,0,1222373.0
268,38023958,VRS+GT+Sprint+Series+-+2021+Season+2,3139,GT3+Class,3172,3173,12,72,20,12,0,Jan+Philipp+Springob,13,95,6,12,457690,16,457690,23270771,228,1269662.0
269,38023958,VRS+GT+Sprint+Series+-+2021+Season+2,3139,GT3+Class,3172,3173,12,72,20,12,0,Jan+Philipp+Springob,13,95,6,12,457690,17,457690,24493752,0,1222981.0
270,38023958,VRS+GT+Sprint+Series+-+2021+Season+2,3139,GT3+Class,3172,3173,12,72,20,12,0,Jan+Philipp+Springob,13,95,6,12,457690,18,457690,25707737,0,1213985.0
271,38023958,VRS+GT+Sprint+Series+-+2021+Season+2,3139,GT3+Class,3172,3173,12,72,20,12,0,Jan+Philipp+Springob,13,95,6,12,457690,19,457690,26918469,4,1210732.0
272,38023958,VRS+GT+Sprint+Series+-+2021+Season+2,3139,GT3+Class,3172,3173,12,72,20,12,0,Jan+Philipp+Springob,13,95,6,12,457690,20,457690,28140953,16384,1222484.0
273,38023958,VRS+GT+Sprint+Series+-+2021+Season+2,3139,GT3+Class,2555,2565,20,133,20,13,0,Marc+B%C3%B6hlendorf,20,87,0,13,346848,0,346848,3449533,0,0.0
274,38023958,VRS+GT+Sprint+Series+-+2021+Season+2,3139,GT3+Class,2555,2565,20,133,20,13,0,Marc+B%C3%B6hlendorf,20,87,0,13,346848,1,346848,4799260,8192,1349727.0
275,38023958,VRS+GT+Sprint+Series+-+2021+Season+2,3139,GT3+Class,2555,2565,20,133,20,13,0,Marc+B%C3%B6hlendorf,20,87,0,13,346848,2,346848,6015339,0,1216079.0
276,38023958,VRS+GT+Sprint+Series+-+2021+Season+2,3139,GT3+Class,2555,2565,20,133,20,13,0,Marc+B%C3%B6hlendorf,20,87,0,13,346848,3,346848,7223079,0,1207740.0
277,38023958,VRS+GT+Sprint+Series+-+2021+Season+2,3139,GT3+Class,2555,2565,20,133,20,13,0,Marc+B%C3%B6hlendorf,20,87,0,13,346848,4,346848,8448767,0,1225688.0
278,38023958,VRS+GT+Sprint+Series+-+2021+Season+2,3139,GT3+Class,2555,2565,20,133,20,13,0,Marc+B%C3%B6hlendorf,20,87,0,13,346848,5,346848,9654672,0,1205905.0
279,38023958,VRS+GT+Sprint+Series+-+2021+Season+2,3139,GT3+Class,2555,2565,20,133,20,13,0,Marc+B%C3%B6hlendorf,20,87,0,13,346848,6,346848,10865960,0,1211288.0
280,38023958,VRS+GT+Sprint+Series+-+2021+Season+2,3139,GT3+Class,2555,2565,20,133,20,13,0,Marc+B%C3%B6hlendorf,20,87,0,13,346848,7,346848,12080048,0,1214088.0
281,38023958,VRS+GT+Sprint+Series+-+2021+Season+2,3139,GT3+Class,2555,2565,20,133,20,13,0,Marc+B%C3%B6hlendorf,20,87,0,13,346848,8,346848,13289305,0,1209257.0
282,38023958,VRS+GT+Sprint+Series+-+2021+Season+2,3139,GT3+Class,2555,2565,20,133,20,13,0,Marc+B%C3%B6hlendorf,20,87,0,13,346848,9,346848,14508389,0,1219084.0
283,38023958,VRS+GT+Sprint+Series+-+2021+Season+2,3139,GT3+Class,2555,2565,20,133,20,13,0,Marc+B%C3%B6hlendorf,20,87,0,13,346848,10,346848,15815914,0,1307525.0
284,38023958,VRS+GT+Sprint+Series+-+2021+Season+2,3139,GT3+Class,2555,2565,20,133,20,13,0,Marc+B%C3%B6hlendorf,20,87,0,13,346848,11,346848,17286913,2,1470999.0
285,38023958,VRS+GT+Sprint+Series+-+2021+Season+2,3139,GT3+Class,2555,2565,20,133,20,13,0,Marc+B%C3%B6hlendorf,20,87,0,13,346848,12,346848,18499305,0,1212392.0
286,38023958,VRS+GT+Sprint+Series+-+2021+Season+2,3139,GT3+Class,2555,2565,20,133,20,13,0,Marc+B%C3%B6hlendorf,20,87,0,13,346848,13,346848,19714311,0,1215006.0
287,38023958,VRS+GT+Sprint+Series+-+2021+Season+2,3139,GT3+Class,2555,2565,20,133,20,13,0,Marc+B%C3%B6hlendorf,20,87,0,13,346848,14,346848,20923840,0,1209529.0
288,38023958,VRS+GT+Sprint+Series+-+2021+Season+2,3139,GT3+Class,2555,2565,20,133,20,13,0,Marc+B%C3%B6hlendorf,20,87,0,13,346848,15,346848,22132580,0,1208740.0
289,38023958,VRS+GT+Sprint+Series+-+2021+Season+2,3139,GT3+Class,2555,2565,20,133,20,13,0,Marc+B%C3%B6hlendorf,20,87,0,13,346848,16,346848,23348085,0,1215505.0
290,38023958,VRS+GT+Sprint+Series+-+2021+Season+2,3139,GT3+Class,2555,2565,20,133,20,13,0,Marc+B%C3%B6hlendorf,20,87,0,13,346848,17,346848,24556059,0,1207974.0
291,38023958,VRS+GT+Sprint+Series+-+2021+Season+2,3139,GT3+Class,2555,2565,20,133,20,13,0,Marc+B%C3%B6hlendorf,20,87,0,13,346848,18,346848,25762979,0,1206920.0
292,38023958,VRS+GT+Sprint+Series+-+2021+Season+2,3139,GT3+Class,2555,2565,20,133,20,13,0,Marc+B%C3%B6hlendorf,20,87,0,13,346848,19,346848,26973792,0,1210813.0
293,38023958,VRS+GT+Sprint+Series+-+2021+Season+2,3139,GT3+Class,2555,2565,20,133,20,13,0,Marc+B%C3%B6hlendorf,20,87,0,13,346848,20,346848,28186993,16384,1213201.0
294,38023958,VRS+GT+Sprint+Series+-+2021+Season+2,3139,GT3+Class,2880,2874,15,132,20,14,0,Kenny+Bairolle,21,79,7,14,162350,0,162350,3449543,0,0.0
295,38023958,VRS+GT+Sprint+Series+-+2021+Season+2,3139,GT3+Class,2880,2874,15,132,20,14,0,Kenny+Bairolle,21,79,7,14,162350,1,162350,4778576,8256,1329033.0
296,38023958,VRS+GT+Sprint+Series+-+2021+Season+2,3139,GT3+Class,2880,2874,15,132,20,14,0,Kenny+Bairolle,21,79,7,14,162350,2,162350,5999678,0,1221102.0
297,38023958,VRS+GT+Sprint+Series+-+2021+Season+2,3139,GT3+Class,2880,2874,15,132,20,14,0,Kenny+Bairolle,21,79,7,14,162350,3,162350,7210115,0,1210437.0
298,38023958,VRS+GT+Sprint+Series+-+2021+Season+2,3139,GT3+Class,2880,2874,15,132,20,14,0,Kenny+Bairolle,21,79,7,14,162350,4,162350,8417701,0,1207586.0
299,38023958,VRS+GT+Sprint+Series+-+2021+Season+2,3139,GT3+Class,2880,2874,15,132,20,14,0,Kenny+Bairolle,21,79,7,14,162350,5,162350,9624408,0,1206707.0
300,38023958,VRS+GT+Sprint+Series+-+2021+Season+2,3139,GT3+Class,2880,2874,15,132,20,14,0,Kenny+Bairolle,21,79,7,14,162350,6,162350,10830845,4,1206437.0
301,38023958,VRS+GT+Sprint+Series+-+2021+Season+2,3139,GT3+Class,2880,2874,15,132,20,14,0,Kenny+Bairolle,21,79,7,14,162350,7,162350,12036894,0,1206049.0
302,38023958,VRS+GT+Sprint+Series+-+2021+Season+2,3139,GT3+Class,2880,2874,15,132,20,14,0,Kenny+Bairolle,21,79,7,14,162350,8,162350,13246147,0,1209253.0
303,38023958,VRS+GT+Sprint+Series+-+2021+Season+2,3139,GT3+Class,2880,2874,15,132,20,14,0,Kenny+Bairolle,21,79,7,14,162350,9,162350,14455896,0,1209749.0
304,38023958,VRS+GT+Sprint+Series+-+2021+Season+2,3139,GT3+Class,2880,2874,15,132,20,14,0,Kenny+Bairolle,21,79,7,14,162350,10,162350,15666599,0,1210703.0
305,38023958,VRS+GT+Sprint+Series+-+2021+Season+2,3139,GT3+Class,2880,2874,15,132,20,14,0,Kenny+Bairolle,21,79,7,14,162350,11,162350,16873048,0,1206449.0
306,38023958,VRS+GT+Sprint+Series+-+2021+Season+2,3139,GT3+Class,2880,2874,15,132,20,14,0,Kenny+Bairolle,21,79,7,14,162350,12,162350,18081089,0,1208041.0
307,38023958,VRS+GT+Sprint+Series+-+2021+Season+2,3139,GT3+Class,2880,2874,15,132,20,14,0,Kenny+Bairolle,21,79,7,14,162350,13,162350,19290202,0,1209113.0
308,38023958,VRS+GT+Sprint+Series+-+2021+Season+2,3139,GT3+Class,2880,2874,15,132,20,14,0,Kenny+Bairolle,21,79,7,14,162350,14,162350,20708955,0,1418753.0
309,38023958,VRS+GT+Sprint+Series+-+2021+Season+2,3139,GT3+Class,2880,2874,15,132,20,14,0,Kenny+Bairolle,21,79,7,14,162350,15,162350,22192709,2,1483754.0
310,38023958,VRS+GT+Sprint+Series+-+2021+Season+2,3139,GT3+Class,2880,2874,15,132,20,14,0,Kenny+Bairolle,21,79,7,14,162350,16,162350,23401273,0,1208564.0
311,38023958,VRS+GT+Sprint+Series+-+2021+Season+2,3139,GT3+Class,2880,2874,15,132,20,14,0,Kenny+Bairolle,21,79,7,14,162350,17,162350,24618164,4,1216891.0
312,38023958,VRS+GT+Sprint+Series+-+2021+Season+2,3139,GT3+Class,2880,2874,15,132,20,14,0,Kenny+Bairolle,21,79,7,14,162350,18,162350,25834081,0,1215917.0
313,38023958,VRS+GT+Sprint+Series+-+2021+Season+2,3139,GT3+Class,2880,2874,15,132,20,14,0,Kenny+Bairolle,21,79,7,14,162350,19,162350,27052136,0,1218055.0
314,38023958,VRS+GT+Sprint+Series+-+2021+Season+2,3139,GT3+Class,2880,2874,15,132,20,14,0,Kenny+Bairolle,21,79,7,14,162350,20,162350,28280555,16384,1228419.0
315,38023958,VRS+GT+Sprint+Series+-+2021+Season+2,3139,GT3+Class,2660,2652,18,94,20,15,0,Andres+Asiain,9,71,6,15,593920,0,593920,3449423,0,0.0
316,38023958,VRS+GT+Sprint+Series+-+2021+Season+2,3139,GT3+Class,2660,2652,18,94,20,15,0,Andres+Asiain,9,71,6,15,593920,1,593920,4742408,8192,1292985.0
317,38023958,VRS+GT+Sprint+Series+-+2021+Season+2,3139,GT3+Class,2660,2652,18,94,20,15,0,Andres+Asiain,9,71,6,15,593920,2,593920,5943208,0,1200800.0
318,38023958,VRS+GT+Sprint+Series+-+2021+Season+2,3139,GT3+Class,2660,2652,18,94,20,15,0,Andres+Asiain,9,71,6,15,593920,3,593920,7142050,0,1198842.0
319,38023958,VRS+GT+Sprint+Series+-+2021+Season+2,3139,GT3+Class,2660,2652,18,94,20,15,0,Andres+Asiain,9,71,6,15,593920,4,593920,8365951,4,1223901.0
320,38023958,VRS+GT+Sprint+Series+-+2021+Season+2,3139,GT3+Class,2660,2652,18,94,20,15,0,Andres+Asiain,9,71,6,15,593920,5,593920,9568779,0,1202828.0
321,38023958,VRS+GT+Sprint+Series+-+2021+Season+2,3139,GT3+Class,2660,2652,18,94,20,15,0,Andres+Asiain,9,71,6,15,593920,6,593920,10782078,0,1213299.0
322,38023958,VRS+GT+Sprint+Series+-+2021+Season+2,3139,GT3+Class,2660,2652,18,94,20,15,0,Andres+Asiain,9,71,6,15,593920,7,593920,11984444,0,1202366.0
323,38023958,VRS+GT+Sprint+Series+-+2021+Season+2,3139,GT3+Class,2660,2652,18,94,20,15,0,Andres+Asiain,9,71,6,15,593920,8,593920,13190919,0,1206475.0
324,38023958,VRS+GT+Sprint+Series+-+2021+Season+2,3139,GT3+Class,2660,2652,18,94,20,15,0,Andres+Asiain,9,71,6,15,593920,9,593920,14391212,0,1200293.0
325,38023958,VRS+GT+Sprint+Series+-+2021+Season+2,3139,GT3+Class,2660,2652,18,94,20,15,0,Andres+Asiain,9,71,6,15,593920,10,593920,15608519,0,1217307.0
326,38023958,VRS+GT+Sprint+Series+-+2021+Season+2,3139,GT3+Class,2660,2652,18,94,20,15,0,Andres+Asiain,9,71,6,15,593920,11,593920,16813905,0,1205386.0
327,38023958,VRS+GT+Sprint+Series+-+2021+Season+2,3139,GT3+Class,2660,2652,18,94,20,15,0,Andres+Asiain,9,71,6,15,593920,12,593920,18017831,0,1203926.0
328,38023958,VRS+GT+Sprint+Series+-+2021+Season+2,3139,GT3+Class,2660,2652,18,94,20,15,0,Andres+Asiain,9,71,6,15,593920,13,593920,19293149,0,1275318.0
329,38023958,VRS+GT+Sprint+Series+-+2021+Season+2,3139,GT3+Class,2660,2652,18,94,20,15,0,Andres+Asiain,9,71,6,15,593920,14,593920,20780146,2,1486997.0
330,38023958,VRS+GT+Sprint+Series+-+2021+Season+2,3139,GT3+Class,2660,2652,18,94,20,15,0,Andres+Asiain,9,71,6,15,593920,15,593920,21997666,0,1217520.0
331,38023958,VRS+GT+Sprint+Series+-+2021+Season+2,3139,GT3+Class,2660,2652,18,94,20,15,0,Andres+Asiain,9,71,6,15,593920,16,593920,23396860,196,1399194.0
332,38023958,VRS+GT+Sprint+Series+-+2021+Season+2,3139,GT3+Class,2660,2652,18,94,20,15,0,Andres+Asiain,9,71,6,15,593920,17,593920,24618698,4,1221838.0
333,38023958,VRS+GT+Sprint+Series+-+2021+Season+2,3139,GT3+Class,2660,2652,18,94,20,15,0,Andres+Asiain,9,71,6,15,593920,18,593920,25839159,0,1220461.0
334,38023958,VRS+GT+Sprint+Series+-+2021+Season+2,3139,GT3+Class,2660,2652,18,94,20,15,0,Andres+Asiain,9,71,6,15,593920,19,593920,27053316,0,1214157.0
335,38023958,VRS+GT+Sprint+Series+-+2021+Season+2,3139,GT3+Class,2660,2652,18,94,20,15,0,Andres+Asiain,9,71,6,15,593920,20,593920,28286782,16384,1233466.0
336,38023958,VRS+GT+Sprint+Series+-+2021+Season+2,3139,GT3+Class,2505,2494,22,72,20,16,0,James+Powlesland,24,63,11,16,376192,0,376192,3449573,0,0.0
337,38023958,VRS+GT+Sprint+Series+-+2021+Season+2,3139,GT3+Class,2505,2494,22,72,20,16,0,James+Powlesland,24,63,11,16,376192,1,376192,4813276,8192,1363703.0
338,38023958,VRS+GT+Sprint+Series+-+2021+Season+2,3139,GT3+Class,2505,2494,22,72,20,16,0,James+Powlesland,24,63,11,16,376192,2,376192,6033387,0,1220111.0
339,38023958,VRS+GT+Sprint+Series+-+2021+Season+2,3139,GT3+Class,2505,2494,22,72,20,16,0,James+Powlesland,24,63,11,16,376192,3,376192,7384051,192,1350664.0
340,38023958,VRS+GT+Sprint+Series+-+2021+Season+2,3139,GT3+Class,2505,2494,22,72,20,16,0,James+Powlesland,24,63,11,16,376192,4,376192,8589232,4,1205181.0
341,38023958,VRS+GT+Sprint+Series+-+2021+Season+2,3139,GT3+Class,2505,2494,22,72,20,16,0,James+Powlesland,24,63,11,16,376192,5,376192,9790769,0,1201537.0
342,38023958,VRS+GT+Sprint+Series+-+2021+Season+2,3139,GT3+Class,2505,2494,22,72,20,16,0,James+Powlesland,24,63,11,16,376192,6,376192,10998246,0,1207477.0
343,38023958,VRS+GT+Sprint+Series+-+2021+Season+2,3139,GT3+Class,2505,2494,22,72,20,16,0,James+Powlesland,24,63,11,16,376192,7,376192,12227863,4,1229617.0
344,38023958,VRS+GT+Sprint+Series+-+2021+Season+2,3139,GT3+Class,2505,2494,22,72,20,16,0,James+Powlesland,24,63,11,16,376192,8,376192,13429878,0,1202015.0
345,38023958,VRS+GT+Sprint+Series+-+2021+Season+2,3139,GT3+Class,2505,2494,22,72,20,16,0,James+Powlesland,24,63,11,16,376192,9,376192,14632621,0,1202743.0
346,38023958,VRS+GT+Sprint+Series+-+2021+Season+2,3139,GT3+Class,2505,2494,22,72,20,16,0,James+Powlesland,24,63,11,16,376192,10,376192,15834338,0,1201717.0
347,38023958,VRS+GT+Sprint+Series+-+2021+Season+2,3139,GT3+Class,2505,2494,22,72,20,16,0,James+Powlesland,24,63,11,16,376192,11,376192,17037101,0,1202763.0
348,38023958,VRS+GT+Sprint+Series+-+2021+Season+2,3139,GT3+Class,2505,2494,22,72,20,16,0,James+Powlesland,24,63,11,16,376192,12,376192,18243889,0,1206788.0
349,38023958,VRS+GT+Sprint+Series+-+2021+Season+2,3139,GT3+Class,2505,2494,22,72,20,16,0,James+Powlesland,24,63,11,16,376192,13,376192,19446996,0,1203107.0
350,38023958,VRS+GT+Sprint+Series+-+2021+Season+2,3139,GT3+Class,2505,2494,22,72,20,16,0,James+Powlesland,24,63,11,16,376192,14,376192,20812434,196,1365438.0
351,38023958,VRS+GT+Sprint+Series+-+2021+Season+2,3139,GT3+Class,2505,2494,22,72,20,16,0,James+Powlesland,24,63,11,16,376192,15,376192,22275582,2,1463148.0
352,38023958,VRS+GT+Sprint+Series+-+2021+Season+2,3139,GT3+Class,2505,2494,22,72,20,16,0,James+Powlesland,24,63,11,16,376192,16,376192,23476661,0,1201079.0
353,38023958,VRS+GT+Sprint+Series+-+2021+Season+2,3139,GT3+Class,2505,2494,22,72,20,16,0,James+Powlesland,24,63,11,16,376192,17,376192,24678353,0,1201692.0
354,38023958,VRS+GT+Sprint+Series+-+2021+Season+2,3139,GT3+Class,2505,2494,22,72,20,16,0,James+Powlesland,24,63,11,16,376192,18,376192,25883057,4,1204704.0
355,38023958,VRS+GT+Sprint+Series+-+2021+Season+2,3139,GT3+Class,2505,2494,22,72,20,16,0,James+Powlesland,24,63,11,16,376192,19,376192,27093105,0,1210048.0
356,38023958,VRS+GT+Sprint+Series+-+2021+Season+2,3139,GT3+Class,2505,2494,22,72,20,16,0,James+Powlesland,24,63,11,16,376192,20,376192,28296880,16384,1203775.0
357,38023958,VRS+GT+Sprint+Series+-+2021+Season+2,3139,GT3+Class,2489,2470,24,73,20,17,0,Victor+Baia,18,55,6,17,471749,0,471749,3449513,0,0.0
358,38023958,VRS+GT+Sprint+Series+-+2021+Season+2,3139,GT3+Class,2489,2470,24,73,20,17,0,Victor+Baia,18,55,6,17,471749,1,471749,4931279,8388,1481766.0
359,38023958,VRS+GT+Sprint+Series+-+2021+Season+2,3139,GT3+Class,2489,2470,24,73,20,17,0,Victor+Baia,18,55,6,17,471749,2,471749,6141838,0,1210559.0
360,38023958,VRS+GT+Sprint+Series+-+2021+Season+2,3139,GT3+Class,2489,2470,24,73,20,17,0,Victor+Baia,18,55,6,17,471749,3,471749,7347544,0,1205706.0
361,38023958,VRS+GT+Sprint+Series+-+2021+Season+2,3139,GT3+Class,2489,2470,24,73,20,17,0,Victor+Baia,18,55,6,17,471749,4,471749,8559055,0,1211511.0
362,38023958,VRS+GT+Sprint+Series+-+2021+Season+2,3139,GT3+Class,2489,2470,24,73,20,17,0,Victor+Baia,18,55,6,17,471749,5,471749,9765807,0,1206752.0
363,38023958,VRS+GT+Sprint+Series+-+2021+Season+2,3139,GT3+Class,2489,2470,24,73,20,17,0,Victor+Baia,18,55,6,17,471749,6,471749,10978234,0,1212427.0
364,38023958,VRS+GT+Sprint+Series+-+2021+Season+2,3139,GT3+Class,2489,2470,24,73,20,17,0,Victor+Baia,18,55,6,17,471749,7,471749,12254644,4,1276410.0
365,38023958,VRS+GT+Sprint+Series+-+2021+Season+2,3139,GT3+Class,2489,2470,24,73,20,17,0,Victor+Baia,18,55,6,17,471749,8,471749,13734829,2,1480185.0
366,38023958,VRS+GT+Sprint+Series+-+2021+Season+2,3139,GT3+Class,2489,2470,24,73,20,17,0,Victor+Baia,18,55,6,17,471749,9,471749,14944198,0,1209369.0
367,38023958,VRS+GT+Sprint+Series+-+2021+Season+2,3139,GT3+Class,2489,2470,24,73,20,17,0,Victor+Baia,18,55,6,17,471749,10,471749,16153386,0,1209188.0
368,38023958,VRS+GT+Sprint+Series+-+2021+Season+2,3139,GT3+Class,2489,2470,24,73,20,17,0,Victor+Baia,18,55,6,17,471749,11,471749,17361451,0,1208065.0
369,38023958,VRS+GT+Sprint+Series+-+2021+Season+2,3139,GT3+Class,2489,2470,24,73,20,17,0,Victor+Baia,18,55,6,17,471749,12,471749,18577817,0,1216366.0
370,38023958,VRS+GT+Sprint+Series+-+2021+Season+2,3139,GT3+Class,2489,2470,24,73,20,17,0,Victor+Baia,18,55,6,17,471749,13,471749,19788449,0,1210632.0
371,38023958,VRS+GT+Sprint+Series+-+2021+Season+2,3139,GT3+Class,2489,2470,24,73,20,17,0,Victor+Baia,18,55,6,17,471749,14,471749,20999219,0,1210770.0
372,38023958,VRS+GT+Sprint+Series+-+2021+Season+2,3139,GT3+Class,2489,2470,24,73,20,17,0,Victor+Baia,18,55,6,17,471749,15,471749,22208510,0,1209291.0
373,38023958,VRS+GT+Sprint+Series+-+2021+Season+2,3139,GT3+Class,2489,2470,24,73,20,17,0,Victor+Baia,18,55,6,17,471749,16,471749,23418332,0,1209822.0
374,38023958,VRS+GT+Sprint+Series+-+2021+Season+2,3139,GT3+Class,2489,2470,24,73,20,17,0,Victor+Baia,18,55,6,17,471749,17,471749,24741913,0,1323581.0
375,38023958,VRS+GT+Sprint+Series+-+2021+Season+2,3139,GT3+Class,2489,2470,24,73,20,17,0,Victor+Baia,18,55,6,17,471749,18,471749,25966841,4,1224928.0
376,38023958,VRS+GT+Sprint+Series+-+2021+Season+2,3139,GT3+Class,2489,2470,24,73,20,17,0,Victor+Baia,18,55,6,17,471749,19,471749,27181631,0,1214790.0
377,38023958,VRS+GT+Sprint+Series+-+2021+Season+2,3139,GT3+Class,2489,2470,24,73,20,17,0,Victor+Baia,18,55,6,17,471749,20,471749,28395685,16384,1214054.0
378,38023958,VRS+GT+Sprint+Series+-+2021+Season+2,3139,GT3+Class,2547,2519,21,73,20,18,0,Ramon+Clemente+Munuera,12,47,15,18,351544,0,351544,3449453,0,0.0
379,38023958,VRS+GT+Sprint+Series+-+2021+Season+2,3139,GT3+Class,2547,2519,21,73,20,18,0,Ramon+Clemente+Munuera,12,47,15,18,351544,1,351544,4821721,8384,1372268.0
380,38023958,VRS+GT+Sprint+Series+-+2021+Season+2,3139,GT3+Class,2547,2519,21,73,20,18,0,Ramon+Clemente+Munuera,12,47,15,18,351544,2,351544,6042182,4,1220461.0
381,38023958,VRS+GT+Sprint+Series+-+2021+Season+2,3139,GT3+Class,2547,2519,21,73,20,18,0,Ramon+Clemente+Munuera,12,47,15,18,351544,3,351544,7254012,0,1211830.0
382,38023958,VRS+GT+Sprint+Series+-+2021+Season+2,3139,GT3+Class,2547,2519,21,73,20,18,0,Ramon+Clemente+Munuera,12,47,15,18,351544,4,351544,8461521,0,1207509.0
383,38023958,VRS+GT+Sprint+Series+-+2021+Season+2,3139,GT3+Class,2547,2519,21,73,20,18,0,Ramon+Clemente+Munuera,12,47,15,18,351544,5,351544,9685136,100,1223615.0
384,38023958,VRS+GT+Sprint+Series+-+2021+Season+2,3139,GT3+Class,2547,2519,21,73,20,18,0,Ramon+Clemente+Munuera,12,47,15,18,351544,6,351544,10913614,0,1228478.0
385,38023958,VRS+GT+Sprint+Series+-+2021+Season+2,3139,GT3+Class,2547,2519,21,73,20,18,0,Ramon+Clemente+Munuera,12,47,15,18,351544,7,351544,12347188,132,1433574.0
386,38023958,VRS+GT+Sprint+Series+-+2021+Season+2,3139,GT3+Class,2547,2519,21,73,20,18,0,Ramon+Clemente+Munuera,12,47,15,18,351544,8,351544,13868373,2,1521185.0
387,38023958,VRS+GT+Sprint+Series+-+2021+Season+2,3139,GT3+Class,2547,2519,21,73,20,18,0,Ramon+Clemente+Munuera,12,47,15,18,351544,9,351544,15091367,0,1222994.0
388,38023958,VRS+GT+Sprint+Series+-+2021+Season+2,3139,GT3+Class,2547,2519,21,73,20,18,0,Ramon+Clemente+Munuera,12,47,15,18,351544,10,351544,16304033,0,1212666.0
389,38023958,VRS+GT+Sprint+Series+-+2021+Season+2,3139,GT3+Class,2547,2519,21,73,20,18,0,Ramon+Clemente+Munuera,12,47,15,18,351544,11,351544,17511185,0,1207152.0
390,38023958,VRS+GT+Sprint+Series+-+2021+Season+2,3139,GT3+Class,2547,2519,21,73,20,18,0,Ramon+Clemente+Munuera,12,47,15,18,351544,12,351544,18722669,0,1211484.0
391,38023958,VRS+GT+Sprint+Series+-+2021+Season+2,3139,GT3+Class,2547,2519,21,73,20,18,0,Ramon+Clemente+Munuera,12,47,15,18,351544,13,351544,19937705,0,1215036.0
392,38023958,VRS+GT+Sprint+Series+-+2021+Season+2,3139,GT3+Class,2547,2519,21,73,20,18,0,Ramon+Clemente+Munuera,12,47,15,18,351544,14,351544,21146496,0,1208791.0
393,38023958,VRS+GT+Sprint+Series+-+2021+Season+2,3139,GT3+Class,2547,2519,21,73,20,18,0,Ramon+Clemente+Munuera,12,47,15,18,351544,15,351544,22368128,4,1221632.0
394,38023958,VRS+GT+Sprint+Series+-+2021+Season+2,3139,GT3+Class,2547,2519,21,73,20,18,0,Ramon+Clemente+Munuera,12,47,15,18,351544,16,351544,23584496,0,1216368.0
395,38023958,VRS+GT+Sprint+Series+-+2021+Season+2,3139,GT3+Class,2547,2519,21,73,20,18,0,Ramon+Clemente+Munuera,12,47,15,18,351544,17,351544,24800656,0,1216160.0
396,38023958,VRS+GT+Sprint+Series+-+2021+Season+2,3139,GT3+Class,2547,2519,21,73,20,18,0,Ramon+Clemente+Munuera,12,47,15,18,351544,18,351544,26066284,0,1265628.0
397,38023958,VRS+GT+Sprint+Series+-+2021+Season+2,3139,GT3+Class,2547,2519,21,73,20,18,0,Ramon+Clemente+Munuera,12,47,15,18,351544,19,351544,27282949,0,1216665.0
398,38023958,VRS+GT+Sprint+Series+-+2021+Season+2,3139,GT3+Class,2547,2519,21,73,20,18,0,Ramon+Clemente+Munuera,12,47,15,18,351544,20,351544,28536463,16384,1253514.0
399,38023958,VRS+GT+Sprint+Series+-+2021+Season+2,3139,GT3+Class,2463,2429,25,73,20,19,0,Abram+Fawzy,16,39,10,19,149994,0,149994,3449493,0,0.0
400,38023958,VRS+GT+Sprint+Series+-+2021+Season+2,3139,GT3+Class,2463,2429,25,73,20,19,0,Abram+Fawzy,16,39,10,19,149994,1,149994,4790051,8256,1340558.0
401,38023958,VRS+GT+Sprint+Series+-+2021+Season+2,3139,GT3+Class,2463,2429,25,73,20,19,0,Abram+Fawzy,16,39,10,19,149994,2,149994,6027110,0,1237059.0
402,38023958,VRS+GT+Sprint+Series+-+2021+Season+2,3139,GT3+Class,2463,2429,25,73,20,19,0,Abram+Fawzy,16,39,10,19,149994,3,149994,7248270,64,1221160.0
403,38023958,VRS+GT+Sprint+Series+-+2021+Season+2,3139,GT3+Class,2463,2429,25,73,20,19,0,Abram+Fawzy,16,39,10,19,149994,4,149994,8454452,0,1206182.0
404,38023958,VRS+GT+Sprint+Series+-+2021+Season+2,3139,GT3+Class,2463,2429,25,73,20,19,0,Abram+Fawzy,16,39,10,19,149994,5,149994,9658259,0,1203807.0
405,38023958,VRS+GT+Sprint+Series+-+2021+Season+2,3139,GT3+Class,2463,2429,25,73,20,19,0,Abram+Fawzy,16,39,10,19,149994,6,149994,10869164,0,1210905.0
406,38023958,VRS+GT+Sprint+Series+-+2021+Season+2,3139,GT3+Class,2463,2429,25,73,20,19,0,Abram+Fawzy,16,39,10,19,149994,7,149994,12077554,0,1208390.0
407,38023958,VRS+GT+Sprint+Series+-+2021+Season+2,3139,GT3+Class,2463,2429,25,73,20,19,0,Abram+Fawzy,16,39,10,19,149994,8,149994,13288015,0,1210461.0
408,38023958,VRS+GT+Sprint+Series+-+2021+Season+2,3139,GT3+Class,2463,2429,25,73,20,19,0,Abram+Fawzy,16,39,10,19,149994,9,149994,14522888,0,1234873.0
409,38023958,VRS+GT+Sprint+Series+-+2021+Season+2,3139,GT3+Class,2463,2429,25,73,20,19,0,Abram+Fawzy,16,39,10,19,149994,10,149994,15729130,0,1206242.0
410,38023958,VRS+GT+Sprint+Series+-+2021+Season+2,3139,GT3+Class,2463,2429,25,73,20,19,0,Abram+Fawzy,16,39,10,19,149994,11,149994,16934690,0,1205560.0
411,38023958,VRS+GT+Sprint+Series+-+2021+Season+2,3139,GT3+Class,2463,2429,25,73,20,19,0,Abram+Fawzy,16,39,10,19,149994,12,149994,18141216,0,1206526.0
412,38023958,VRS+GT+Sprint+Series+-+2021+Season+2,3139,GT3+Class,2463,2429,25,73,20,19,0,Abram+Fawzy,16,39,10,19,149994,13,149994,19417485,0,1276269.0
413,38023958,VRS+GT+Sprint+Series+-+2021+Season+2,3139,GT3+Class,2463,2429,25,73,20,19,0,Abram+Fawzy,16,39,10,19,149994,14,149994,20889941,2,1472456.0
414,38023958,VRS+GT+Sprint+Series+-+2021+Season+2,3139,GT3+Class,2463,2429,25,73,20,19,0,Abram+Fawzy,16,39,10,19,149994,15,149994,22147911,164,1257970.0
415,38023958,VRS+GT+Sprint+Series+-+2021+Season+2,3139,GT3+Class,2463,2429,25,73,20,19,0,Abram+Fawzy,16,39,10,19,149994,16,149994,23483802,9,1335891.0
416,38023958,VRS+GT+Sprint+Series+-+2021+Season+2,3139,GT3+Class,2463,2429,25,73,20,19,0,Abram+Fawzy,16,39,10,19,149994,17,149994,25241398,2,1757596.0
417,38023958,VRS+GT+Sprint+Series+-+2021+Season+2,3139,GT3+Class,2463,2429,25,73,20,19,0,Abram+Fawzy,16,39,10,19,149994,18,149994,26477653,0,1236255.0
418,38023958,VRS+GT+Sprint+Series+-+2021+Season+2,3139,GT3+Class,2463,2429,25,73,20,19,0,Abram+Fawzy,16,39,10,19,149994,19,149994,27719249,0,1241596.0
419,38023958,VRS+GT+Sprint+Series+-+2021+Season+2,3139,GT3+Class,2463,2429,25,73,20,19,0,Abram+Fawzy,16,39,10,19,149994,20,149994,28992513,16384,1273264.0
420,38023958,VRS+GT+Sprint+Series+-+2021+Season+2,3139,GT3+Class,3595,3521,7,43,14,20,0,Benoit+Le+Pezennec,4,31,14,20,265808,0,265808,3449373,0,0.0
421,38023958,VRS+GT+Sprint+Series+-+2021+Season+2,3139,GT3+Class,3595,3521,7,43,14,20,0,Benoit+Le+Pezennec,4,31,14,20,265808,1,265808,4698914,8192,1249541.0
422,38023958,VRS+GT+Sprint+Series+-+2021+Season+2,3139,GT3+Class,3595,3521,7,43,14,20,0,Benoit+Le+Pezennec,4,31,14,20,265808,2,265808,5894240,0,1195326.0
423,38023958,VRS+GT+Sprint+Series+-+2021+Season+2,3139,GT3+Class,3595,3521,7,43,14,20,0,Benoit+Le+Pezennec,4,31,14,20,265808,3,265808,7095710,4,1201470.0
424,38023958,VRS+GT+Sprint+Series+-+2021+Season+2,3139,GT3+Class,3595,3521,7,43,14,20,0,Benoit+Le+Pezennec,4,31,14,20,265808,4,265808,8294578,0,1198868.0
425,38023958,VRS+GT+Sprint+Series+-+2021+Season+2,3139,GT3+Class,3595,3521,7,43,14,20,0,Benoit+Le+Pezennec,4,31,14,20,265808,5,265808,9492334,0,1197756.0
426,38023958,VRS+GT+Sprint+Series+-+2021+Season+2,3139,GT3+Class,3595,3521,7,43,14,20,0,Benoit+Le+Pezennec,4,31,14,20,265808,6,265808,10692749,0,1200415.0
427,38023958,VRS+GT+Sprint+Series+-+2021+Season+2,3139,GT3+Class,3595,3521,7,43,14,20,0,Benoit+Le+Pezennec,4,31,14,20,265808,7,265808,11977102,128,1284353.0
428,38023958,VRS+GT+Sprint+Series+-+2021+Season+2,3139,GT3+Class,3595,3521,7,43,14,20,0,Benoit+Le+Pezennec,4,31,14,20,265808,8,265808,13300733,128,1323631.0
429,38023958,VRS+GT+Sprint+Series+-+2021+Season+2,3139,GT3+Class,3595,3521,7,43,14,20,0,Benoit+Le+Pezennec,4,31,14,20,265808,9,265808,14518241,0,1217508.0
430,38023958,VRS+GT+Sprint+Series+-+2021+Season+2,3139,GT3+Class,3595,3521,7,43,14,20,0,Benoit+Le+Pezennec,4,31,14,20,265808,10,265808,15759907,0,1241666.0
431,38023958,VRS+GT+Sprint+Series+-+2021+Season+2,3139,GT3+Class,3595,3521,7,43,14,20,0,Benoit+Le+Pezennec,4,31,14,20,265808,11,265808,16965888,0,1205981.0
432,38023958,VRS+GT+Sprint+Series+-+2021+Season+2,3139,GT3+Class,3595,3521,7,43,14,20,0,Benoit+Le+Pezennec,4,31,14,20,265808,12,265808,18170623,0,1204735.0
433,38023958,VRS+GT+Sprint+Series+-+2021+Season+2,3139,GT3+Class,3595,3521,7,43,14,20,0,Benoit+Le+Pezennec,4,31,14,20,265808,13,265808,19370531,0,1199908.0
434,38023958,VRS+GT+Sprint+Series+-+2021+Season+2,3139,GT3+Class,3595,3521,7,43,14,20,0,Benoit+Le+Pezennec,4,31,14,20,265808,14,265808,21422615,196,2052084.0
435,38023958,VRS+GT+Sprint+Series+-+2021+Season+2,3139,GT3+Class,2695,2638,17,94,14,21,0,Michael+Roitman,23,23,8,21,313522,0,313522,3449563,0,0.0
436,38023958,VRS+GT+Sprint+Series+-+2021+Season+2,3139,GT3+Class,2695,2638,17,94,14,21,0,Michael+Roitman,23,23,8,21,313522,1,313522,4794083,8192,1344520.0
437,38023958,VRS+GT+Sprint+Series+-+2021+Season+2,3139,GT3+Class,2695,2638,17,94,14,21,0,Michael+Roitman,23,23,8,21,313522,2,313522,6009732,0,1215649.0
438,38023958,VRS+GT+Sprint+Series+-+2021+Season+2,3139,GT3+Class,2695,2638,17,94,14,21,0,Michael+Roitman,23,23,8,21,313522,3,313522,7224631,0,1214899.0
439,38023958,VRS+GT+Sprint+Series+-+2021+Season+2,3139,GT3+Class,2695,2638,17,94,14,21,0,Michael+Roitman,23,23,8,21,313522,4,313522,8435762,0,1211131.0
440,38023958,VRS+GT+Sprint+Series+-+2021+Season+2,3139,GT3+Class,2695,2638,17,94,14,21,0,Michael+Roitman,23,23,8,21,313522,5,313522,9643553,0,1207791.0
441,38023958,VRS+GT+Sprint+Series+-+2021+Season+2,3139,GT3+Class,2695,2638,17,94,14,21,0,Michael+Roitman,23,23,8,21,313522,6,313522,11054263,201,1410710.0
442,38023958,VRS+GT+Sprint+Series+-+2021+Season+2,3139,GT3+Class,2695,2638,17,94,14,21,0,Michael+Roitman,23,23,8,21,313522,7,313522,19211513,2,8157250.0
443,38023958,VRS+GT+Sprint+Series+-+2021+Season+2,3139,GT3+Class,2695,2638,17,94,14,21,0,Michael+Roitman,23,23,8,21,313522,8,313522,20445572,0,1234059.0
444,38023958,VRS+GT+Sprint+Series+-+2021+Season+2,3139,GT3+Class,2695,2638,17,94,14,21,0,Michael+Roitman,23,23,8,21,313522,9,313522,21672375,0,1226803.0
445,38023958,VRS+GT+Sprint+Series+-+2021+Season+2,3139,GT3+Class,2695,2638,17,94,14,21,0,Michael+Roitman,23,23,8,21,313522,10,313522,22899915,0,1227540.0
446,38023958,VRS+GT+Sprint+Series+-+2021+Season+2,3139,GT3+Class,2695,2638,17,94,14,21,0,Michael+Roitman,23,23,8,21,313522,11,313522,24122111,0,1222196.0
447,38023958,VRS+GT+Sprint+Series+-+2021+Season+2,3139,GT3+Class,2695,2638,17,94,14,21,0,Michael+Roitman,23,23,8,21,313522,12,313522,25355663,0,1233552.0
448,38023958,VRS+GT+Sprint+Series+-+2021+Season+2,3139,GT3+Class,2695,2638,17,94,14,21,0,Michael+Roitman,23,23,8,21,313522,13,313522,26575388,0,1219725.0
449,38023958,VRS+GT+Sprint+Series+-+2021+Season+2,3139,GT3+Class,2695,2638,17,94,14,21,0,Michael+Roitman,23,23,8,21,313522,14,313522,27799482,16384,1224094.0
450,38023958,VRS+GT+Sprint+Series+-+2021+Season+2,3139,GT3+Class,2491,2432,23,133,6,22,0,Bruce+De+Carvalho,22,15,9,22,95882,0,95882,3449553,0,0.0
451,38023958,VRS+GT+Sprint+Series+-+2021+Season+2,3139,GT3+Class,2491,2432,23,133,6,22,0,Bruce+De+Carvalho,22,15,9,22,95882,1,95882,4810801,8196,1361248.0
452,38023958,VRS+GT+Sprint+Series+-+2021+Season+2,3139,GT3+Class,2491,2432,23,133,6,22,0,Bruce+De+Carvalho,22,15,9,22,95882,2,95882,6029440,0,1218639.0
453,38023958,VRS+GT+Sprint+Series+-+2021+Season+2,3139,GT3+Class,2491,2432,23,133,6,22,0,Bruce+De+Carvalho,22,15,9,22,95882,3,95882,7233691,0,1204251.0
454,38023958,VRS+GT+Sprint+Series+-+2021+Season+2,3139,GT3+Class,2491,2432,23,133,6,22,0,Bruce+De+Carvalho,22,15,9,22,95882,4,95882,8446431,0,1212740.0
455,38023958,VRS+GT+Sprint+Series+-+2021+Season+2,3139,GT3+Class,2491,2432,23,133,6,22,0,Bruce+De+Carvalho,22,15,9,22,95882,5,95882,9646836,0,1200405.0
456,38023958,VRS+GT+Sprint+Series+-+2021+Season+2,3139,GT3+Class,2491,2432,23,133,6,22,0,Bruce+De+Carvalho,22,15,9,22,95882,6,95882,11131432,237,1484596.0
457,38023958,VRS+GT+Sprint+Series+-+2021+Season+2,3139,GT3+Class,3238,3150,10,133,3,23,0,Harry+J+Melvin,19,7,6,23,588999,0,588999,3449523,0,0.0
458,38023958,VRS+GT+Sprint+Series+-+2021+Season+2,3139,GT3+Class,3238,3150,10,133,3,23,0,Harry+J+Melvin,19,7,6,23,588999,1,588999,4859492,8384,1409969.0
459,38023958,VRS+GT+Sprint+Series+-+2021+Season+2,3139,GT3+Class,3238,3150,10,133,3,23,0,Harry+J+Melvin,19,7,6,23,588999,2,588999,6083813,0,1224321.0
460,38023958,VRS+GT+Sprint+Series+-+2021+Season+2,3139,GT3+Class,3238,3150,10,133,3,23,0,Harry+J+Melvin,19,7,6,23,588999,3,588999,8036167,2307,1952354.0
461,38023958,VRS+GT+Sprint+Series+-+2021+Season+2,3139,GT3+Class,2567,2491,19,43,1,24,0,Alex+Rodr%C3%ADguez+Dlt,17,3,4,24,352779,0,352779,3449503,0,0.0
462,38023958,VRS+GT+Sprint+Series+-+2021+Season+2,3139,GT3+Class,2567,2491,19,43,1,24,0,Alex+Rodr%C3%ADguez+Dlt,17,3,4,24,352779,1,352779,5699500,10575,2249997.0
